Season,Name,Replicate,Place,Sampling Date,Body Size (cm),Suspected from time point,Temp -2,Temp -1,Temp 0,Temp 1,Temp 2,Temp 3,Temp 4,Temp 5,Temp 6,Temp 7,Temp 8,Temp 9,Temp 10,Temp 11,Temp 12,Temp 13,Temp 14,Temp 15,Temp 16,Temp 17,Temp 18,Temp 19,Temp 20,Temp 21,Temp 22,Temp 23,Temp 24,Temp 25,Temp 26,Temp 27,Temp 28,Temp 29,Temp 30,Salinity -2,Salinity -1,Salinity 0,Salinity 1,Salinity 2,Salinity 3,Salinity 4,Salinity 5,Salinity 6,Salinity 7,Salinity 8,Salinity 9,Salinity 10,Salinity 11,Salinity 12,Salinity 13,Salinity 14,Salinity 15,Salinity 16,Salinity 17,Salinity 18,Salinity 19,Salinity 20,Salinity 21,Salinity 22,Salinity 23,Salinity 24,Salinity 25,Salinity 26,Salinity 27,Salinity 28,Salinity 29,Salinity 30,Lived -2,Lived -1,Lived 0,Lived 1,Lived 2,Lived 3,Lived 4,Lived 5,Lived 6,Lived 7,Lived 8,Lived 9,Lived 10,Lived 11,Lived 12,Lived 13,Lived 14,Lived 15,Lived 16,Lived 17,Lived 18,Lived 19,Lived 20,Lived 21,Lived 22,Lived 23,Lived 24,Lived 25,Lived 26,Lived 27,Lived 28,Lived 29,Lived 30,dying_day
winter,PISCES,a,Ashdod,21.3.24,4.0,,22,22,22,9,17.0,18.0,19.0,19.0,19.0,26.0,29.0,31.0,30.0,27.0,28.0,29.0,28.0,29.0,28.0,29.0,26.0,24.0,17.0,,,,,,,,,,,40,40,40,31,34.0,33.0,33.0,34.0,34.0,34.0,32.0,32.0,33.0,33.0,34.0,36.0,37.0,37.0,36.0,35.0,37.0,40.0,39.0,,,,,,,,,,,0,0,0,0,0.0,0.0,0.0,0.0,0.0,0.0,0.0,0.0,0.0,0.0,0.0,0.0,0.0,0.0,0.0,0.0,0.0,0.0,1.0,,,,,,,,,,,20.0
winter,PISCES,b,Ashdod,21.3.24,9.0,,22,22,22,9,17.0,18.0,,,,,,,,,,,,,,,,,,,,,,,,,,,,40,40,40,31,34.0,33.0,,,,,,,,,,,,,,,,,,,,,,,,,,,,0,0,0,0,0.0,1.0,,,,,,,,,,,,,,,,,,,,,,,,,,,,3.0
winter,PISCES,c,Ashdod,21.3.24,5.0,,22,22,22,9,17.0,18.0,19.0,19.0,19.0,26.0,29.0,31.0,,,,,,,,,,,,,,,,,,,,,,40,40,40,31,34.0,33.0,33.0,34.0,34.0,34.0,32.0,32.0,,,,,,,,,,,,,,,,,,,,,,0,0,0,0,0.0,0.0,0.0,0.0,0.0,0.0,0.0,1.0,,,,,,,,,,,,,,,,,,,,,,9.0
winter,ELPIDA,a,Ashdod,21.3.24,7.5,,22,22,22,9,9.0,26.0,26.0,19.0,19.0,23.0,26.0,31.0,,,,,,,,,,,,,,,,,,,,,,40,40,40,31,31.0,34.0,34.0,33.0,33.0,34.0,34.0,32.0,,,,,,,,,,,,,,,,,,,,,,0,0,0,0,0.0,0.0,0.0,0.0,0.0,0.0,0.0,1.0,,,,,,,,,,,,,,,,,,,,,,9.0
winter,ELPIDA,b,Ashdod,21.3.24,8.0,,22,22,22,9,9.0,26.0,26.0,19.0,19.0,23.0,26.0,31.0,30.0,29.0,28.0,28.0,28.0,29.0,29.0,,,,,,,,,,,,,,,40,40,40,31,31.0,34.0,34.0,33.0,33.0,34.0,34.0,32.0,32.0,32.0,35.0,34.0,34.0,35.0,36.0,,,,,,,,,,,,,,,0,0,0,0,0.0,0.0,0.0,0.0,0.0,0.0,0.0,0.0,0.0,0.0,0.0,0.0,0.0,0.0,1.0,,,,,,,,,,,,,,,16.0
winter,ELPIDA,c,Ashdod,21.3.24,6.0,,22,22,22,9,9.0,26.0,26.0,19.0,19.0,23.0,26.0,31.0,30.0,29.0,28.0,28.0,28.0,,,,,,,,,,,,,,,,,40,40,40,31,31.0,34.0,34.0,33.0,33.0,34.0,34.0,32.0,32.0,32.0,35.0,34.0,34.0,,,,,,,,,,,,,,,,,0,0,0,0,0.0,0.0,0.0,0.0,0.0,0.0,0.0,0.0,0.0,0.0,0.0,0.0,1.0,,,,,,,,,,,,,,,,,14.0
winter,BRADY,a,Ashdod,21.3.24,6.0,,22,22,22,17,17.0,18.0,19.0,32.0,26.0,26.0,26.0,,,,,,,,,,,,,,,,,,,,,,,40,40,40,34,34.0,34.0,34.0,34.0,34.0,34.0,34.0,,,,,,,,,,,,,,,,,,,,,,,0,0,0,0,0.0,0.0,0.0,0.0,0.0,0.0,1.0,,,,,,,,,,,,,,,,,,,,,,,8.0
winter,BRADY,b,Ashdod,21.3.24,7.0,,22,22,22,17,17.0,18.0,19.0,32.0,26.0,26.0,26.0,26.0,27.0,,,,,,,,,,,,,,,,,,,,,40,40,40,34,34.0,34.0,34.0,34.0,34.0,34.0,34.0,35.0,34.0,,,,,,,,,,,,,,,,,,,,,0,0,0,0,0.0,0.0,0.0,0.0,0.0,0.0,0.0,0.0,1.0,,,,,,,,,,,,,,,,,,,,,10.0
winter,BRADY,c,Ashdod,21.3.24,4.5,,22,22,22,17,17.0,18.0,19.0,32.0,26.0,26.0,26.0,26.0,,,,,,,,,,,,,,,,,,,,,,40,40,40,34,34.0,34.0,34.0,34.0,34.0,34.0,34.0,35.0,,,,,,,,,,,,,,,,,,,,,,0,0,0,0,0.0,0.0,0.0,0.0,0.0,0.0,0.0,1.0,,,,,,,,,,,,,,,,,,,,,,9.0
winter,INGY,a,Ashdod,21.3.24,7.5,,22,22,22,17,,,,,,,,,,,,,,,,,,,,,,,,,,,,,,40,40,40,8,,,,,,,,,,,,,,,,,,,,,,,,,,,,,,0,0,0,1,,,,,,,,,,,,,,,,,,,,,,,,,,,,,,1.0
winter,INGY,b,Ashdod,21.3.24,9.0,,22,22,22,17,,,,,,,,,,,,,,,,,,,,,,,,,,,,,,40,40,40,8,,,,,,,,,,,,,,,,,,,,,,,,,,,,,,0,0,0,1,,,,,,,,,,,,,,,,,,,,,,,,,,,,,,1.0
winter,INGY,c,Ashdod,21.3.24,9.0,,22,22,22,17,,,,,,,,,,,,,,,,,,,,,,,,,,,,,,40,40,40,8,,,,,,,,,,,,,,,,,,,,,,,,,,,,,,0,0,0,1,,,,,,,,,,,,,,,,,,,,,,,,,,,,,,1.0
winter,GLOBE,a,Ashdod,21.3.24,9.0,,22,22,22,17,,,,,,,,,,,,,,,,,,,,,,,,,,,,,,40,40,40,8,,,,,,,,,,,,,,,,,,,,,,,,,,,,,,0,0,0,1,,,,,,,,,,,,,,,,,,,,,,,,,,,,,,1.0
winter,GLOBE,b,Ashdod,21.3.24,7.0,,22,22,22,17,,,,,,,,,,,,,,,,,,,,,,,,,,,,,,40,40,40,8,,,,,,,,,,,,,,,,,,,,,,,,,,,,,,0,0,0,1,,,,,,,,,,,,,,,,,,,,,,,,,,,,,,1.0
winter,GLOBE,c,Ashdod,21.3.24,6.5,,22,22,22,17,,,,,,,,,,,,,,,,,,,,,,,,,,,,,,40,40,40,8,,,,,,,,,,,,,,,,,,,,,,,,,,,,,,0,0,0,1,,,,,,,,,,,,,,,,,,,,,,,,,,,,,,1.0
winter,VENUS,a,Ashdod,21.3.24,5.5,,22,22,22,17,23.0,26.0,26.0,26.0,26.0,26.0,29.0,31.0,,,,,,,,,,,,,,,,,,,,,,40,40,40,39,39.0,38.0,34.0,36.0,36.0,37.0,36.0,36.0,,,,,,,,,,,,,,,,,,,,,,0,0,0,0,0.0,0.0,0.0,0.0,0.0,0.0,0.0,1.0,,,,,,,,,,,,,,,,,,,,,,9.0
winter,VENUS,b,Ashdod,21.3.24,9.0,,22,22,22,17,23.0,26.0,26.0,26.0,26.0,26.0,29.0,31.0,27.0,29.0,29.0,29.0,,,,,,,,,,,,,,,,,,40,40,40,39,39.0,38.0,34.0,36.0,36.0,37.0,36.0,36.0,33.0,35.0,32.0,32.0,,,,,,,,,,,,,,,,,,0,0,0,0,0.0,0.0,0.0,0.0,0.0,0.0,0.0,0.0,0.0,0.0,0.0,1.0,,,,,,,,,,,,,,,,,,13.0
winter,VENUS,c,Ashdod,21.3.24,6.5,,22,22,22,17,,,,,,,,,,,,,,,,,,,,,,,,,,,,,,40,40,40,39,,,,,,,,,,,,,,,,,,,,,,,,,,,,,,0,0,0,1,,,,,,,,,,,,,,,,,,,,,,,,,,,,,,1.0
winter,GLORY,a,Ashdod,21.3.24,9.0,,22,22,22,9,9.0,13.0,13.0,19.0,19.0,18.0,18.0,19.0,19.0,27.0,29.0,29.0,29.0,29.0,,,,,,,,,,,,,,,,40,40,40,31,31.0,34.0,34.0,34.0,34.0,33.0,33.0,34.0,34.0,34.0,32.0,32.0,33.0,32.0,,,,,,,,,,,,,,,,0,0,0,0,0.0,0.0,0.0,0.0,0.0,0.0,0.0,0.0,0.0,0.0,0.0,0.0,0.0,1.0,,,,,,,,,,,,,,,,15.0
winter,GLORY,b,Ashdod,21.3.24,8.5,,22,22,22,9,9.0,13.0,13.0,19.0,19.0,18.0,18.0,19.0,19.0,27.0,29.0,29.0,29.0,29.0,29.0,29.0,26.0,26.0,26.0,24.0,22.0,16.0,16.0,16.0,15.0,15.0,13.0,11.0,9.0,40,40,40,31,31.0,34.0,34.0,34.0,34.0,33.0,33.0,34.0,34.0,34.0,32.0,32.0,33.0,32.0,35.0,35.0,37.0,36.0,36.0,36.0,40.0,39.0,39.0,39.0,38.0,36.0,36.0,36.0,35.0,0,0,0,0,0.0,0.0,0.0,0.0,0.0,0.0,0.0,0.0,0.0,0.0,0.0,0.0,0.0,0.0,0.0,0.0,0.0,0.0,0.0,0.0,0.0,0.0,0.0,0.0,0.0,0.0,0.0,0.0,0.0,
winter,CONTROL,a,Ashdod,21.3.24,6.5,,22,22,22,22,22.0,22.0,22.0,22.0,22.0,22.0,22.0,22.0,22.0,22.0,22.0,22.0,22.0,22.0,22.0,22.0,,,,,,,,,,,,,,40,40,40,40,40.0,40.0,40.0,40.0,40.0,40.0,40.0,40.0,40.0,40.0,40.0,40.0,40.0,40.0,40.0,40.0,,,,,,,,,,,,,,0,0,0,0,0.0,0.0,0.0,0.0,0.0,0.0,0.0,0.0,0.0,0.0,0.0,0.0,0.0,0.0,0.0,1.0,,,,,,,,,,,,,,17.0
winter,CONTROL,b,Ashdod,21.3.24,6.5,,22,22,22,22,22.0,22.0,22.0,22.0,22.0,22.0,22.0,22.0,22.0,22.0,22.0,22.0,22.0,22.0,22.0,22.0,22.0,22.0,22.0,22.0,22.0,22.0,22.0,22.0,22.0,22.0,22.0,22.0,22.0,40,40,40,40,40.0,40.0,40.0,40.0,40.0,40.0,40.0,40.0,40.0,40.0,40.0,40.0,40.0,40.0,40.0,40.0,40.0,40.0,40.0,40.0,40.0,40.0,40.0,40.0,40.0,40.0,40.0,40.0,40.0,0,0,0,0,0.0,0.0,0.0,0.0,0.0,0.0,0.0,0.0,0.0,0.0,0.0,0.0,0.0,0.0,0.0,0.0,0.0,0.0,0.0,0.0,0.0,0.0,0.0,0.0,0.0,0.0,0.0,0.0,0.0,
winter,ORPHEUS,a,Ashkelon,21.4.24,5.5,,24,24,24,16,16.0,,,,,,,,,,,,,,,,,,,,,,,,,,,,,40,40,40,33,4.0,,,,,,,,,,,,,,,,,,,,,,,,,,,,,0,0,0,0,1.0,,,,,,,,,,,,,,,,,,,,,,,,,,,,,2.0
winter,ORPHEUS,b,Ashkelon,21.4.24,7.5,,24,24,24,16,16.0,,,,,,,,,,,,,,,,,,,,,,,,,,,,,40,40,40,33,4.0,,,,,,,,,,,,,,,,,,,,,,,,,,,,,0,0,0,0,1.0,,,,,,,,,,,,,,,,,,,,,,,,,,,,,2.0
winter,TINA,a,Ashkelon,21.4.24,4.5,,24,24,24,8,8.0,8.0,8.0,8.0,8.0,15.0,14.0,14.0,16.0,15.0,,,,,,,,,,,,,,,,,,,,40,40,40,28,28.0,28.0,29.0,29.0,29.0,35.0,35.0,38.0,37.0,38.0,,,,,,,,,,,,,,,,,,,,0,0,0,0,0.0,0.0,0.0,0.0,0.0,0.0,0.0,0.0,0.0,1.0,,,,,,,,,,,,,,,,,,,,11.0
winter,TINA,b,Ashkelon,21.4.24,4.5,,24,24,24,8,8.0,8.0,8.0,8.0,8.0,15.0,,,,,,,,,,,,,,,,,,,,,,,,40,40,40,28,28.0,28.0,29.0,29.0,29.0,35.0,,,,,,,,,,,,,,,,,,,,,,,,0,0,0,0,0.0,0.0,0.0,0.0,0.0,1.0,,,,,,,,,,,,,,,,,,,,,,,,7.0
winter,VENICE,a,Ashkelon,21.4.24,5.0,,24,24,24,16,16.0,18.0,16.0,15.0,15.0,17.0,16.0,16.0,16.0,14.0,8.0,8.0,8.0,8.0,14.0,17.0,16.0,22.0,24.0,25.0,26.0,26.0,25.0,25.0,24.0,24.0,23.0,23.0,23.0,40,40,40,39,39.0,39.0,39.0,39.0,39.0,39.0,38.0,37.0,38.0,38.0,29.0,29.0,29.0,38.0,39.0,39.0,39.0,39.0,39.0,36.0,34.0,37.0,37.0,37.0,37.0,26.0,29.0,35.0,36.0,0,0,0,0,0.0,0.0,0.0,0.0,0.0,0.0,0.0,0.0,0.0,0.0,0.0,0.0,0.0,0.0,0.0,0.0,0.0,0.0,0.0,0.0,0.0,0.0,0.0,0.0,0.0,0.0,0.0,0.0,0.0,
winter,VENICE,b,Ashkelon,21.4.24,6.0,,24,24,24,16,16.0,18.0,16.0,15.0,15.0,17.0,16.0,16.0,16.0,14.0,8.0,8.0,8.0,8.0,14.0,17.0,16.0,22.0,24.0,25.0,26.0,26.0,25.0,25.0,24.0,24.0,23.0,23.0,23.0,40,40,40,39,39.0,39.0,39.0,39.0,39.0,39.0,38.0,37.0,38.0,38.0,29.0,29.0,29.0,38.0,39.0,39.0,39.0,39.0,39.0,36.0,34.0,37.0,37.0,37.0,37.0,26.0,29.0,35.0,36.0,0,0,0,0,0.0,0.0,0.0,0.0,0.0,0.0,0.0,0.0,0.0,0.0,0.0,0.0,0.0,0.0,0.0,0.0,0.0,0.0,0.0,0.0,0.0,0.0,0.0,0.0,0.0,0.0,0.0,0.0,0.0,
winter,MAYA,a,Ashkelon,21.4.24,4.5,,24,24,24,32,31.0,30.0,28.0,28.0,29.0,29.0,29.0,27.0,26.0,26.0,25.0,25.0,22.0,24.0,16.0,17.0,15.0,15.0,15.0,8.0,,,,,,,,,,40,40,40,32,32.0,33.0,34.0,34.0,35.0,36.0,37.0,38.0,35.0,34.0,39.0,39.0,39.0,40.0,39.0,39.0,39.0,39.0,38.0,28.0,,,,,,,,,,0,0,0,0,0.0,0.0,0.0,0.0,0.0,0.0,0.0,0.0,0.0,0.0,0.0,0.0,0.0,0.0,0.0,0.0,0.0,0.0,0.0,1.0,,,,,,,,,,21.0
winter,MAYA,b,Ashkelon,21.4.24,4.5,,24,24,24,32,31.0,30.0,28.0,28.0,29.0,29.0,,,,,,,,,,,,,,,,,,,,,,,,40,40,40,32,32.0,33.0,34.0,34.0,35.0,36.0,,,,,,,,,,,,,,,,,,,,,,,,0,0,0,0,0.0,0.0,0.0,0.0,0.0,1.0,,,,,,,,,,,,,,,,,,,,,,,,7.0
winter,ELOANE,a,Ashkelon,21.4.24,3.5,,24,24,24,16,16.0,18.0,16.0,15.0,15.0,15.0,14.0,14.0,14.0,14.0,15.0,15.0,14.0,14.0,14.0,14.0,15.0,15.0,15.0,15.0,16.0,17.0,17.0,22.0,23.0,23.0,23.0,23.0,23.0,40,40,40,39,39.0,40.0,39.0,38.0,37.0,38.0,39.0,38.0,38.0,38.0,38.0,38.0,38.0,40.0,38.0,38.0,37.0,38.0,38.0,38.0,39.0,39.0,39.0,40.0,29.0,39.0,35.0,37.0,37.0,0,0,0,0,0.0,0.0,0.0,0.0,0.0,0.0,0.0,0.0,0.0,0.0,0.0,0.0,0.0,0.0,0.0,0.0,0.0,0.0,0.0,0.0,0.0,0.0,0.0,0.0,0.0,0.0,0.0,0.0,0.0,
winter,ELOANE,b,Ashkelon,21.4.24,4.0,,24,24,24,16,16.0,18.0,16.0,15.0,15.0,15.0,14.0,14.0,14.0,14.0,15.0,15.0,14.0,14.0,14.0,14.0,15.0,15.0,15.0,15.0,16.0,17.0,17.0,22.0,23.0,23.0,23.0,23.0,23.0,40,40,40,39,39.0,40.0,39.0,38.0,37.0,38.0,39.0,38.0,38.0,38.0,38.0,38.0,38.0,40.0,38.0,38.0,37.0,38.0,38.0,38.0,39.0,39.0,39.0,40.0,29.0,39.0,35.0,37.0,37.0,0,0,0,0,0.0,0.0,0.0,0.0,0.0,0.0,0.0,0.0,0.0,0.0,0.0,0.0,0.0,0.0,0.0,0.0,0.0,0.0,0.0,0.0,0.0,0.0,0.0,0.0,0.0,0.0,0.0,0.0,0.0,
winter,CONTROL,a,Ashkelon,21.4.24,7.5,,24,24,24,24,24.0,24.0,24.0,24.0,24.0,24.0,24.0,24.0,24.0,24.0,24.0,24.0,24.0,24.0,24.0,24.0,24.0,24.0,24.0,24.0,24.0,24.0,24.0,24.0,24.0,24.0,24.0,24.0,24.0,40,40,40,40,40.0,40.0,40.0,40.0,40.0,40.0,40.0,40.0,40.0,40.0,40.0,40.0,40.0,40.0,40.0,40.0,40.0,40.0,40.0,40.0,40.0,40.0,40.0,40.0,40.0,40.0,40.0,40.0,40.0,0,0,0,0,0.0,0.0,0.0,0.0,0.0,0.0,0.0,0.0,0.0,0.0,0.0,0.0,0.0,0.0,0.0,0.0,0.0,0.0,0.0,0.0,0.0,0.0,0.0,0.0,0.0,0.0,0.0,0.0,0.0,
winter,CONTROL,b,Ashkelon,21.4.24,7.0,,24,24,24,24,24.0,24.0,24.0,24.0,24.0,24.0,24.0,24.0,24.0,24.0,24.0,24.0,24.0,24.0,24.0,24.0,24.0,24.0,24.0,24.0,24.0,24.0,24.0,24.0,24.0,24.0,24.0,24.0,24.0,40,40,40,40,40.0,40.0,40.0,40.0,40.0,40.0,40.0,40.0,40.0,40.0,40.0,40.0,40.0,40.0,40.0,40.0,40.0,40.0,40.0,40.0,40.0,40.0,40.0,40.0,40.0,40.0,40.0,40.0,40.0,0,0,0,0,0.0,0.0,0.0,0.0,0.0,0.0,0.0,0.0,0.0,0.0,0.0,0.0,0.0,0.0,0.0,0.0,0.0,0.0,0.0,0.0,0.0,0.0,0.0,0.0,0.0,0.0,0.0,0.0,0.0,
winter,SINGAPURA,a,Akko,20.5.24,4.5,,24,24,24,16,15.0,15.0,16.0,18.0,16.0,22.0,26.0,26.0,24.0,26.0,26.0,26.0,24.0,24.0,22.0,23.0,25.0,26.0,27.0,29.0,29.0,29.0,29.0,31.0,32.0,32.0,,,,40,40,40,38,38.0,38.0,39.0,40.0,39.0,39.0,39.0,39.0,38.0,35.0,36.0,37.0,37.0,29.0,32.0,35.0,37.0,37.0,37.0,36.0,33.0,30.0,31.0,34.0,31.0,31.0,,,,0,0,0,0,0.0,0.0,0.0,0.0,0.0,0.0,0.0,0.0,0.0,0.0,0.0,0.0,0.0,0.0,0.0,0.0,0.0,0.0,0.0,0.0,0.0,0.0,0.0,0.0,0.0,0.0,,,,
winter,SINGAPURA,b,Akko,20.5.24,4.0,,24,24,24,16,15.0,15.0,16.0,18.0,16.0,22.0,26.0,26.0,24.0,26.0,26.0,26.0,24.0,24.0,22.0,23.0,25.0,26.0,27.0,29.0,29.0,29.0,29.0,31.0,32.0,32.0,,,,40,40,40,38,38.0,38.0,39.0,40.0,39.0,39.0,39.0,39.0,38.0,35.0,36.0,37.0,37.0,29.0,32.0,35.0,37.0,37.0,37.0,36.0,33.0,30.0,31.0,34.0,31.0,31.0,,,,0,0,0,0,0.0,0.0,0.0,0.0,0.0,0.0,0.0,0.0,0.0,0.0,0.0,0.0,0.0,0.0,0.0,0.0,0.0,0.0,0.0,0.0,0.0,0.0,0.0,0.0,0.0,0.0,,,,
winter,SINGAPURA,c,Akko,20.5.24,4.0,,24,24,24,16,15.0,15.0,16.0,18.0,16.0,22.0,26.0,26.0,24.0,26.0,26.0,26.0,24.0,24.0,22.0,23.0,25.0,26.0,27.0,29.0,29.0,29.0,29.0,31.0,32.0,32.0,,,,40,40,40,38,38.0,38.0,39.0,40.0,39.0,39.0,39.0,39.0,38.0,35.0,36.0,37.0,37.0,29.0,32.0,35.0,37.0,37.0,37.0,36.0,33.0,30.0,31.0,34.0,31.0,31.0,,,,0,0,0,0,0.0,0.0,0.0,0.0,0.0,0.0,0.0,0.0,0.0,0.0,0.0,0.0,0.0,0.0,0.0,0.0,0.0,0.0,0.0,0.0,0.0,0.0,0.0,0.0,0.0,0.0,,,,
winter,TOKYO,a,Akko,20.5.24,3.5,,24,24,24,12,15.0,15.0,15.0,15.0,16.0,18.0,15.0,21.0,26.0,26.0,26.0,26.0,29.0,29.0,29.0,28.0,29.0,29.0,29.0,29.0,29.0,27.0,21.0,16.0,15.0,15.0,,,,40,40,40,38,38.0,38.0,38.0,38.0,39.0,38.0,39.0,39.0,39.0,38.0,36.0,36.0,36.0,35.0,36.0,35.0,37.0,36.0,35.0,36.0,35.0,35.0,36.0,36.0,35.0,35.0,,,,0,0,0,0,0.0,0.0,0.0,0.0,0.0,0.0,0.0,0.0,0.0,0.0,0.0,0.0,0.0,0.0,0.0,0.0,0.0,0.0,0.0,0.0,0.0,0.0,0.0,0.0,0.0,0.0,,,,
winter,TOKYO,b,Akko,20.5.24,3.5,,24,24,24,12,15.0,15.0,15.0,15.0,16.0,18.0,15.0,21.0,26.0,26.0,26.0,26.0,29.0,29.0,29.0,28.0,29.0,29.0,29.0,30.0,30.0,28.0,22.0,17.0,16.0,16.0,,,,40,40,40,38,38.0,38.0,38.0,38.0,39.0,38.0,39.0,39.0,39.0,38.0,36.0,36.0,36.0,35.0,36.0,35.0,37.0,36.0,35.0,36.0,35.0,35.0,36.0,36.0,35.0,35.0,,,,0,0,0,0,0.0,0.0,0.0,0.0,0.0,0.0,0.0,0.0,0.0,0.0,0.0,0.0,0.0,0.0,0.0,0.0,0.0,0.0,0.0,0.0,0.0,0.0,0.0,0.0,0.0,0.0,,,,
winter,TOKYO,c,Akko,20.5.24,4.0,,24,24,24,12,15.0,15.0,15.0,15.0,16.0,18.0,15.0,21.0,26.0,26.0,26.0,26.0,29.0,29.0,29.0,28.0,29.0,29.0,29.0,31.0,31.0,29.0,23.0,18.0,17.0,17.0,,,,40,40,40,38,38.0,38.0,38.0,38.0,39.0,38.0,39.0,39.0,39.0,38.0,36.0,36.0,36.0,35.0,36.0,35.0,37.0,36.0,35.0,36.0,35.0,35.0,36.0,36.0,35.0,35.0,,,,0,0,0,0,0.0,0.0,0.0,0.0,0.0,0.0,0.0,0.0,0.0,0.0,0.0,0.0,0.0,0.0,0.0,0.0,0.0,0.0,0.0,0.0,0.0,0.0,0.0,0.0,0.0,0.0,,,,
winter,ANNA,a,Akko,20.5.24,4.0,,24,24,24,16,16.0,16.0,16.0,16.0,15.0,15.0,15.0,15.0,14.0,13.0,13.0,9.0,9.0,9.0,7.0,6.0,,,,,,,,,,,,,,40,40,40,39,39.0,39.0,40.0,39.0,37.0,37.0,37.0,37.0,36.0,36.0,36.0,35.0,36.0,35.0,36.0,2.0,,,,,,,,,,,,,,0,0,0,0,0.0,0.0,0.0,0.0,0.0,0.0,0.0,0.0,0.0,0.0,0.0,0.0,0.0,0.0,0.0,1.0,,,,,,,,,,,,,,17.0
winter,ANNA,b,Akko,20.5.24,4.0,,24,24,24,16,16.0,16.0,16.0,16.0,15.0,15.0,15.0,15.0,14.0,13.0,13.0,9.0,9.0,9.0,7.0,6.0,,,,,,,,,,,,,,40,40,40,39,39.0,39.0,40.0,39.0,37.0,37.0,37.0,37.0,36.0,36.0,36.0,35.0,36.0,35.0,36.0,2.0,,,,,,,,,,,,,,0,0,0,0,0.0,0.0,0.0,0.0,0.0,0.0,0.0,0.0,0.0,0.0,0.0,0.0,0.0,0.0,0.0,1.0,,,,,,,,,,,,,,17.0
winter,ANNA,c,Akko,20.5.24,4.0,,24,24,24,16,16.0,16.0,16.0,16.0,15.0,15.0,15.0,15.0,14.0,13.0,13.0,9.0,9.0,9.0,7.0,6.0,,,,,,,,,,,,,,40,40,40,39,39.0,39.0,40.0,39.0,37.0,37.0,37.0,37.0,36.0,36.0,36.0,35.0,36.0,35.0,36.0,2.0,,,,,,,,,,,,,,0,0,0,0,0.0,0.0,0.0,0.0,0.0,0.0,0.0,0.0,0.0,0.0,0.0,0.0,0.0,0.0,0.0,1.0,,,,,,,,,,,,,,17.0
winter,MOSCOW,a,Akko,20.5.24,7.0,,24,24,24,18,18.0,18.0,19.0,19.0,26.0,26.0,32.0,29.0,30.0,29.0,27.0,29.0,29.0,29.0,29.0,28.0,25.0,26.0,24.0,16.0,16.0,15.0,15.0,15.0,15.0,15.0,,,,40,40,40,33,33.0,34.0,34.0,34.0,34.0,35.0,32.0,32.0,32.0,33.0,33.0,34.0,35.0,37.0,38.0,38.0,37.0,36.0,39.0,39.0,40.0,39.0,38.0,39.0,37.0,36.0,,,,0,0,0,0,0.0,0.0,0.0,0.0,0.0,0.0,0.0,0.0,0.0,0.0,0.0,0.0,0.0,0.0,0.0,0.0,0.0,0.0,0.0,0.0,0.0,0.0,0.0,0.0,0.0,0.0,,,,
winter,MOSCOW,b,Akko,20.5.24,3.0,,24,24,24,18,18.0,18.0,19.0,19.0,26.0,26.0,32.0,29.0,30.0,29.0,27.0,29.0,,,,,,,,,,,,,,,,,,40,40,40,33,33.0,34.0,34.0,34.0,34.0,35.0,32.0,32.0,32.0,33.0,33.0,34.0,,,,,,,,,,,,,,,,,,0,0,0,0,0.0,0.0,0.0,0.0,0.0,0.0,0.0,0.0,0.0,0.0,0.0,1.0,,,,,,,,,,,,,,,,,,13.0
winter,MOSCOW,c,Akko,20.5.24,3.5,,24,24,24,18,18.0,18.0,19.0,19.0,26.0,26.0,32.0,29.0,30.0,29.0,27.0,29.0,29.0,29.0,29.0,28.0,25.0,26.0,24.0,16.0,16.0,15.0,15.0,15.0,15.0,15.0,,,,40,40,40,33,33.0,34.0,34.0,34.0,34.0,35.0,32.0,32.0,32.0,33.0,33.0,34.0,35.0,37.0,38.0,38.0,37.0,36.0,39.0,39.0,40.0,39.0,38.0,39.0,37.0,36.0,,,,0,0,0,0,0.0,0.0,0.0,0.0,0.0,0.0,0.0,0.0,0.0,0.0,0.0,0.0,0.0,0.0,0.0,0.0,0.0,0.0,0.0,0.0,0.0,0.0,0.0,0.0,0.0,0.0,,,,
winter,FORSTER,a,Akko,20.5.24,7.0,,24,24,24,16,16.0,16.0,15.0,15.0,15.0,15.0,15.0,15.0,14.0,10.0,10.0,6.0,6.0,6.0,6.0,,,,,,,,,,,,,,,40,40,40,39,39.0,39.0,37.0,37.0,37.0,36.0,36.0,36.0,36.0,35.0,35.0,32.0,34.0,34.0,2.0,,,,,,,,,,,,,,,0,0,0,0,0.0,0.0,0.0,0.0,0.0,0.0,0.0,0.0,0.0,0.0,0.0,0.0,0.0,0.0,1.0,,,,,,,,,,,,,,,16.0
winter,FORSTER,b,Akko,20.5.24,4.5,,24,24,24,16,16.0,16.0,15.0,15.0,15.0,15.0,15.0,15.0,14.0,10.0,10.0,6.0,6.0,6.0,6.0,,,,,,,,,,,,,,,40,40,40,39,39.0,39.0,37.0,37.0,37.0,36.0,36.0,36.0,36.0,35.0,35.0,32.0,34.0,34.0,2.0,,,,,,,,,,,,,,,0,0,0,0,0.0,0.0,0.0,0.0,0.0,0.0,0.0,0.0,0.0,0.0,0.0,0.0,0.0,0.0,1.0,,,,,,,,,,,,,,,16.0
winter,FORSTER,c,Akko,20.5.24,3.5,,24,24,24,16,16.0,16.0,15.0,15.0,15.0,15.0,15.0,15.0,14.0,10.0,10.0,6.0,6.0,6.0,6.0,,,,,,,,,,,,,,,40,40,40,39,39.0,39.0,37.0,37.0,37.0,36.0,36.0,36.0,36.0,35.0,35.0,32.0,34.0,34.0,2.0,,,,,,,,,,,,,,,0,0,0,0,0.0,0.0,0.0,0.0,0.0,0.0,0.0,0.0,0.0,0.0,0.0,0.0,0.0,0.0,1.0,,,,,,,,,,,,,,,16.0
winter,ELEONORA,a,Akko,20.5.24,4.5,,24,24,24,16,16.0,15.0,15.0,15.0,16.0,15.0,23.0,26.0,26.0,26.0,26.0,26.0,24.0,24.0,22.0,23.0,23.0,24.0,24.0,25.0,25.0,25.0,26.0,26.0,27.0,27.0,,,,40,40,40,37,37.0,37.0,38.0,38.0,40.0,39.0,40.0,38.0,36.0,36.0,36.0,36.0,36.0,40.0,40.0,27.0,28.0,34.0,37.0,38.0,37.0,37.0,37.0,38.0,37.0,37.0,,,,0,0,0,0,0.0,0.0,0.0,0.0,0.0,0.0,0.0,0.0,0.0,0.0,0.0,0.0,0.0,0.0,0.0,0.0,0.0,0.0,0.0,0.0,0.0,0.0,0.0,0.0,0.0,0.0,,,,
winter,ELEONORA,b,Akko,20.5.24,4.5,,24,24,24,16,16.0,15.0,15.0,15.0,16.0,15.0,23.0,26.0,26.0,26.0,26.0,26.0,24.0,24.0,22.0,23.0,23.0,24.0,24.0,25.0,25.0,25.0,26.0,26.0,27.0,27.0,,,,40,40,40,37,37.0,37.0,38.0,38.0,40.0,39.0,40.0,38.0,36.0,36.0,36.0,36.0,36.0,40.0,40.0,27.0,28.0,34.0,37.0,38.0,37.0,37.0,37.0,38.0,37.0,37.0,,,,0,0,0,0,0.0,0.0,0.0,0.0,0.0,0.0,0.0,0.0,0.0,0.0,0.0,0.0,0.0,0.0,0.0,0.0,0.0,0.0,0.0,0.0,0.0,0.0,0.0,0.0,0.0,0.0,,,,
winter,ELEONORA,c,Akko,20.5.24,3.0,,24,24,24,16,16.0,15.0,15.0,15.0,16.0,15.0,23.0,26.0,26.0,26.0,26.0,26.0,,,,,,,,,,,,,,,,,,40,40,40,37,37.0,37.0,38.0,38.0,40.0,39.0,40.0,38.0,36.0,36.0,36.0,36.0,,,,,,,,,,,,,,,,,,0,0,0,0,0.0,0.0,0.0,0.0,0.0,0.0,0.0,0.0,0.0,0.0,0.0,1.0,,,,,,,,,,,,,,,,,,13.0
winter,NEVADA,a,Akko,20.5.24,4.5,,24,24,24,29,29.0,29.0,29.0,28.0,28.0,26.0,25.0,26.0,24.0,23.0,23.0,23.0,22.0,20.0,19.0,19.0,23.0,21.0,21.0,23.0,23.0,25.0,26.0,26.0,28.0,28.0,,,,40,40,40,32,32.0,32.0,34.0,33.0,36.0,36.0,37.0,36.0,36.0,27.0,30.0,35.0,40.0,40.0,40.0,40.0,40.0,40.0,40.0,38.0,37.0,37.0,37.0,37.0,36.0,35.0,,,,0,0,0,0,0.0,0.0,0.0,0.0,0.0,0.0,0.0,0.0,0.0,0.0,0.0,0.0,0.0,0.0,0.0,0.0,0.0,0.0,0.0,0.0,0.0,0.0,0.0,0.0,0.0,0.0,,,,
winter,NEVADA,b,Akko,20.5.24,4.0,,24,24,24,29,29.0,29.0,29.0,28.0,28.0,26.0,25.0,26.0,24.0,23.0,23.0,23.0,22.0,20.0,19.0,19.0,23.0,21.0,21.0,23.0,23.0,,,,,,,,,40,40,40,32,32.0,32.0,34.0,33.0,36.0,36.0,37.0,36.0,36.0,27.0,30.0,35.0,40.0,40.0,40.0,40.0,40.0,40.0,40.0,38.0,37.0,,,,,,,,,0,0,0,0,0.0,0.0,0.0,0.0,0.0,0.0,0.0,0.0,0.0,0.0,0.0,0.0,0.0,0.0,0.0,0.0,0.0,0.0,0.0,0.0,1.0,,,,,,,,,22.0
winter,NEVADA,c,Akko,20.5.24,3.5,,24,24,24,29,29.0,29.0,29.0,28.0,28.0,26.0,25.0,26.0,24.0,23.0,,,,,,,,,,,,,,,,,,,,40,40,40,32,32.0,32.0,34.0,33.0,36.0,36.0,37.0,36.0,36.0,27.0,,,,,,,,,,,,,,,,,,,,0,0,0,0,0.0,0.0,0.0,0.0,0.0,0.0,0.0,0.0,0.0,1.0,,,,,,,,,,,,,,,,,,,,11.0
winter,CONTROL,a,Akko,20.5.24,4.0,,24,24,24,24,24.0,24.0,24.0,24.0,24.0,24.0,24.0,24.0,24.0,24.0,24.0,24.0,24.0,24.0,24.0,24.0,24.0,24.0,24.0,24.0,24.0,24.0,24.0,24.0,24.0,24.0,,,,40,40,40,40,40.0,40.0,40.0,40.0,40.0,40.0,40.0,40.0,40.0,40.0,40.0,40.0,40.0,40.0,40.0,40.0,40.0,40.0,40.0,40.0,40.0,40.0,40.0,40.0,40.0,40.0,,,,0,0,0,0,0.0,0.0,0.0,0.0,0.0,0.0,0.0,0.0,0.0,0.0,0.0,0.0,0.0,0.0,0.0,0.0,0.0,0.0,0.0,0.0,0.0,0.0,0.0,0.0,0.0,0.0,,,,
winter,CONTROL,b,Akko,20.5.24,4.5,,24,24,24,24,24.0,24.0,24.0,24.0,24.0,24.0,24.0,24.0,24.0,24.0,24.0,24.0,24.0,24.0,24.0,24.0,24.0,24.0,24.0,24.0,24.0,24.0,24.0,24.0,24.0,24.0,,,,40,40,40,40,40.0,40.0,40.0,40.0,40.0,40.0,40.0,40.0,40.0,40.0,40.0,40.0,40.0,40.0,40.0,40.0,40.0,40.0,40.0,40.0,40.0,40.0,40.0,40.0,40.0,40.0,,,,0,0,0,0,0.0,0.0,0.0,0.0,0.0,0.0,0.0,0.0,0.0,0.0,0.0,0.0,0.0,0.0,0.0,0.0,0.0,0.0,0.0,0.0,0.0,0.0,0.0,0.0,0.0,0.0,,,,
winter,CONTROL,c,Akko,20.5.24,3.0,,24,24,24,24,24.0,24.0,24.0,24.0,24.0,24.0,24.0,24.0,24.0,24.0,24.0,24.0,24.0,24.0,24.0,24.0,24.0,24.0,24.0,24.0,24.0,24.0,24.0,24.0,24.0,24.0,,,,40,40,40,40,40.0,40.0,40.0,40.0,40.0,40.0,40.0,40.0,40.0,40.0,40.0,40.0,40.0,40.0,40.0,40.0,40.0,40.0,40.0,40.0,40.0,40.0,40.0,40.0,40.0,40.0,,,,0,0,0,0,0.0,0.0,0.0,0.0,0.0,0.0,0.0,0.0,0.0,0.0,0.0,0.0,0.0,0.0,0.0,0.0,0.0,0.0,0.0,0.0,0.0,0.0,0.0,0.0,0.0,0.0,,,,
winter,CONTROL,d,Akko,20.5.24,7.0,,24,24,24,24,24.0,24.0,24.0,24.0,24.0,24.0,24.0,24.0,24.0,24.0,24.0,24.0,24.0,24.0,24.0,24.0,24.0,24.0,24.0,24.0,24.0,24.0,24.0,24.0,24.0,24.0,,,,40,40,40,40,40.0,40.0,40.0,40.0,40.0,40.0,40.0,40.0,40.0,40.0,40.0,40.0,40.0,40.0,40.0,40.0,40.0,40.0,40.0,40.0,40.0,40.0,40.0,40.0,40.0,40.0,,,,0,0,0,0,0.0,0.0,0.0,0.0,0.0,0.0,0.0,0.0,0.0,0.0,0.0,0.0,0.0,0.0,0.0,0.0,0.0,0.0,0.0,0.0,0.0,0.0,0.0,0.0,0.0,0.0,,,,
winter,CONTROL,e,Akko,20.5.24,4.0,,24,24,24,24,24.0,24.0,24.0,24.0,24.0,24.0,24.0,24.0,24.0,24.0,24.0,24.0,24.0,24.0,24.0,24.0,24.0,24.0,24.0,24.0,24.0,24.0,24.0,24.0,24.0,24.0,,,,40,40,40,40,40.0,40.0,40.0,40.0,40.0,40.0,40.0,40.0,40.0,40.0,40.0,40.0,40.0,40.0,40.0,40.0,40.0,40.0,40.0,40.0,40.0,40.0,40.0,40.0,40.0,40.0,,,,0,0,0,0,0.0,0.0,0.0,0.0,0.0,0.0,0.0,0.0,0.0,0.0,0.0,0.0,0.0,0.0,0.0,0.0,0.0,0.0,0.0,0.0,0.0,0.0,0.0,0.0,0.0,0.0,,,,
winter,CONTROL,f,Akko,20.5.24,5.0,,24,24,24,24,24.0,24.0,24.0,24.0,24.0,24.0,24.0,24.0,24.0,24.0,24.0,24.0,24.0,24.0,24.0,24.0,24.0,24.0,24.0,24.0,24.0,24.0,24.0,24.0,24.0,24.0,,,,40,40,40,40,40.0,40.0,40.0,40.0,40.0,40.0,40.0,40.0,40.0,40.0,40.0,40.0,40.0,40.0,40.0,40.0,40.0,40.0,40.0,40.0,40.0,40.0,40.0,40.0,40.0,40.0,,,,0,0,0,0,0.0,0.0,0.0,0.0,0.0,0.0,0.0,0.0,0.0,0.0,0.0,0.0,0.0,0.0,0.0,0.0,0.0,0.0,0.0,0.0,0.0,0.0,0.0,0.0,0.0,0.0,,,,
summer,ORPHEUS,a,Jaffa,22.7.24,8.0,,28,28,28,21,20.0,23.0,,,,,,,,,,,,,,,,,,,,,,,,,,,,35,35,35,35,4.0,4.0,,,,,,,,,,,,,,,,,,,,,,,,,,,,0,0,0,0,0.0,1.0,,,,,,,,,,,,,,,,,,,,,,,,,,,,3.0
summer,ORPHEUS,b,Jaffa,22.7.24,7.0,,28,28,28,21,20.0,23.0,,,,,,,,,,,,,,,,,,,,,,,,,,,,35,35,35,35,4.0,4.0,,,,,,,,,,,,,,,,,,,,,,,,,,,,0,0,0,0,0.0,1.0,,,,,,,,,,,,,,,,,,,,,,,,,,,,3.0
summer,ORPHEUS,c,Jaffa,22.7.24,6.0,,28,28,28,21,20.0,23.0,,,,,,,,,,,,,,,,,,,,,,,,,,,,35,35,35,35,4.0,4.0,,,,,,,,,,,,,,,,,,,,,,,,,,,,0,0,0,0,0.0,1.0,,,,,,,,,,,,,,,,,,,,,,,,,,,,3.0
summer,BRADY,a,Jaffa,22.7.24,5.0,,28,28,28,30,27.0,28.0,29.0,31.0,30.0,31.0,29.0,29.0,30.0,30.0,30.0,29.0,31.0,31.0,31.0,31.0,28.0,26.0,30.0,30.0,30.0,25.0,29.0,27.0,26.0,26.0,31.0,30.0,30.0,35,35,35,34,33.0,34.0,32.0,34.0,36.0,34.0,34.0,34.0,34.0,32.0,34.0,34.0,34.0,34.0,32.0,32.0,33.0,35.0,34.0,33.0,35.0,37.0,36.0,36.0,36.0,36.0,37.0,39.0,39.0,0,0,0,0,0.0,0.0,0.0,0.0,0.0,0.0,0.0,0.0,0.0,0.0,0.0,0.0,0.0,0.0,0.0,0.0,0.0,0.0,0.0,0.0,0.0,0.0,0.0,0.0,0.0,0.0,0.0,0.0,0.0,
summer,BRADY,b,Jaffa,22.7.24,5.0,,28,28,28,30,27.0,28.0,29.0,31.0,30.0,31.0,29.0,29.0,30.0,30.0,30.0,29.0,31.0,31.0,31.0,31.0,28.0,26.0,30.0,30.0,30.0,25.0,29.0,27.0,26.0,26.0,31.0,30.0,30.0,35,35,35,34,33.0,34.0,32.0,34.0,36.0,34.0,34.0,34.0,34.0,32.0,34.0,34.0,34.0,34.0,32.0,32.0,33.0,35.0,34.0,33.0,35.0,37.0,36.0,36.0,36.0,36.0,37.0,39.0,39.0,0,0,0,0,0.0,0.0,0.0,0.0,0.0,0.0,0.0,0.0,0.0,0.0,0.0,0.0,0.0,0.0,0.0,0.0,0.0,0.0,0.0,0.0,0.0,0.0,0.0,0.0,0.0,0.0,0.0,0.0,0.0,
summer,BRADY,c,Jaffa,22.7.24,5.0,,28,28,28,30,27.0,28.0,29.0,31.0,30.0,31.0,29.0,29.0,30.0,30.0,30.0,29.0,31.0,31.0,31.0,31.0,28.0,26.0,30.0,30.0,30.0,25.0,29.0,27.0,26.0,26.0,31.0,30.0,30.0,35,35,35,34,33.0,34.0,32.0,34.0,36.0,34.0,34.0,34.0,34.0,32.0,34.0,34.0,34.0,34.0,32.0,32.0,33.0,35.0,34.0,33.0,35.0,37.0,36.0,36.0,36.0,36.0,37.0,39.0,39.0,0,0,0,0,0.0,0.0,0.0,0.0,0.0,0.0,0.0,0.0,0.0,0.0,0.0,0.0,0.0,0.0,0.0,0.0,0.0,0.0,0.0,0.0,0.0,0.0,0.0,0.0,0.0,0.0,0.0,0.0,0.0,
summer,MAYA,a,Jaffa,22.7.24,4.0,,28,28,28,30,30.0,30.0,30.0,29.0,29.0,23.0,29.0,24.0,25.0,30.0,30.0,29.0,27.0,31.0,31.0,,,,,,,,,,,,,,,35,35,35,34,32.0,36.0,34.0,35.0,36.0,36.0,35.0,36.0,36.0,36.0,39.0,39.0,39.0,39.0,40.0,,,,,,,,,,,,,,,0,0,0,0,0.0,0.0,0.0,0.0,0.0,0.0,0.0,0.0,0.0,0.0,0.0,0.0,0.0,0.0,1.0,,,,,,,,,,,,,,,16.0
summer,MAYA,b,Jaffa,22.7.24,4.0,,28,28,28,30,30.0,30.0,30.0,29.0,29.0,23.0,29.0,24.0,25.0,30.0,30.0,29.0,27.0,31.0,31.0,22.0,28.0,27.0,22.0,26.0,26.0,22.0,25.0,25.0,25.0,24.0,28.0,25.0,,35,35,35,34,32.0,36.0,34.0,35.0,36.0,36.0,35.0,36.0,36.0,36.0,39.0,39.0,39.0,39.0,40.0,39.0,39.0,40.0,41.0,30.0,28.0,30.0,28.0,28.0,17.0,18.0,28.0,29.0,,0,0,0,0,0.0,0.0,0.0,0.0,0.0,0.0,0.0,0.0,0.0,0.0,0.0,0.0,0.0,0.0,0.0,0.0,0.0,0.0,0.0,0.0,0.0,0.0,0.0,0.0,0.0,0.0,0.0,1.0,,29.0
summer,MAYA,c,Jaffa,22.7.24,4.0,,28,28,28,30,30.0,30.0,30.0,29.0,29.0,23.0,29.0,24.0,25.0,30.0,30.0,29.0,27.0,31.0,31.0,22.0,28.0,27.0,22.0,26.0,26.0,22.0,25.0,25.0,25.0,24.0,28.0,25.0,,35,35,35,34,32.0,36.0,34.0,35.0,36.0,36.0,35.0,36.0,36.0,36.0,39.0,39.0,39.0,39.0,40.0,39.0,39.0,40.0,41.0,30.0,28.0,30.0,28.0,28.0,17.0,18.0,28.0,29.0,,0,0,0,0,0.0,0.0,0.0,0.0,0.0,0.0,0.0,0.0,0.0,0.0,0.0,0.0,0.0,0.0,0.0,0.0,0.0,0.0,0.0,0.0,0.0,0.0,0.0,0.0,0.0,0.0,0.0,1.0,,29.0
summer,INGY,a,Jaffa,22.7.24,7.0,,28,28,28,30,,,,,,,,,,,,,,,,,,,,,,,,,,,,,,35,35,35,8,,,,,,,,,,,,,,,,,,,,,,,,,,,,,,0,0,0,1,,,,,,,,,,,,,,,,,,,,,,,,,,,,,,1.0
summer,INGY,b,Jaffa,22.7.24,6.5,,28,28,28,30,,,,,,,,,,,,,,,,,,,,,,,,,,,,,,35,35,35,8,,,,,,,,,,,,,,,,,,,,,,,,,,,,,,0,0,0,1,,,,,,,,,,,,,,,,,,,,,,,,,,,,,,1.0
summer,INGY,c,Jaffa,22.7.24,3.0,,28,28,28,30,,,,,,,,,,,,,,,,,,,,,,,,,,,,,,35,35,35,8,,,,,,,,,,,,,,,,,,,,,,,,,,,,,,0,0,0,1,,,,,,,,,,,,,,,,,,,,,,,,,,,,,,1.0
summer,GLOBE,a,Jaffa,22.7.24,3.0,,28,28,28,30,,,,,,,,,,,,,,,,,,,,,,,,,,,,,,35,35,35,8,,,,,,,,,,,,,,,,,,,,,,,,,,,,,,0,0,0,1,,,,,,,,,,,,,,,,,,,,,,,,,,,,,,1.0
summer,GLOBE,b,Jaffa,22.7.24,5.0,,28,28,28,30,,,,,,,,,,,,,,,,,,,,,,,,,,,,,,35,35,35,8,,,,,,,,,,,,,,,,,,,,,,,,,,,,,,0,0,0,1,,,,,,,,,,,,,,,,,,,,,,,,,,,,,,1.0
summer,GLOBE,c,Jaffa,22.7.24,4.0,,28,28,28,30,,,,,,,,,,,,,,,,,,,,,,,,,,,,,,35,35,35,8,,,,,,,,,,,,,,,,,,,,,,,,,,,,,,0,0,0,1,,,,,,,,,,,,,,,,,,,,,,,,,,,,,,1.0
summer,ELEONORA,a,Jaffa,22.7.24,5.0,,28,28,28,21,20.0,23.0,23.0,26.0,27.0,31.0,29.0,30.0,30.0,22.0,23.0,23.0,33.0,34.0,34.0,34.0,34.0,34.0,,,,,,,,,,,,35,35,35,36,35.0,40.0,38.0,37.0,39.0,39.0,39.0,38.0,36.0,36.0,39.0,39.0,38.0,39.0,40.0,27.0,29.0,37.0,,,,,,,,,,,,0,0,0,0,0.0,0.0,0.0,0.0,0.0,0.0,0.0,0.0,0.0,0.0,0.0,0.0,0.0,0.0,0.0,0.0,0.0,1.0,,,,,,,,,,,,19.0
summer,ELEONORA,b,Jaffa,22.7.24,4.0,,28,28,28,21,20.0,23.0,23.0,26.0,27.0,31.0,29.0,30.0,30.0,22.0,23.0,23.0,33.0,34.0,34.0,34.0,34.0,34.0,33.0,33.0,30.0,25.0,25.0,27.0,26.0,26.0,28.0,,,35,35,35,36,35.0,40.0,38.0,37.0,39.0,39.0,39.0,38.0,36.0,36.0,39.0,39.0,38.0,39.0,40.0,27.0,29.0,37.0,39.0,36.0,36.0,38.0,37.0,37.0,36.0,35.0,36.0,,,0,0,0,0,0.0,0.0,0.0,0.0,0.0,0.0,0.0,0.0,0.0,0.0,0.0,0.0,0.0,0.0,0.0,0.0,0.0,0.0,0.0,0.0,0.0,0.0,0.0,0.0,0.0,0.0,1.0,,,28.0
summer,ELEONORA,c,Jaffa,22.7.24,4.0,,28,28,28,21,20.0,23.0,23.0,26.0,27.0,31.0,29.0,30.0,30.0,22.0,23.0,23.0,33.0,34.0,34.0,34.0,34.0,34.0,33.0,33.0,,,,,,,,,,35,35,35,36,35.0,40.0,38.0,37.0,39.0,39.0,39.0,38.0,36.0,36.0,39.0,39.0,38.0,39.0,39.0,27.0,29.0,37.0,39.0,36.0,,,,,,,,,,0,0,0,0,0.0,0.0,0.0,0.0,0.0,0.0,0.0,0.0,0.0,0.0,0.0,0.0,0.0,0.0,0.0,0.0,0.0,0.0,0.0,1.0,,,,,,,,,,21.0
summer,NEVADA,a,Jaffa,22.7.24,7.0,,28,28,28,30,30.0,30.0,30.0,29.0,29.0,23.0,29.0,24.0,31.0,31.0,31.0,31.0,33.0,34.0,34.0,34.0,34.0,34.0,33.0,33.0,,,,,,,,,,35,35,35,34,32.0,36.0,34.0,34.0,36.0,37.0,37.0,37.0,37.0,29.0,30.0,36.0,38.0,40.0,40.0,40.0,40.0,40.0,40.0,33.0,,,,,,,,,,0,0,0,0,0.0,0.0,0.0,0.0,0.0,0.0,0.0,0.0,0.0,0.0,0.0,0.0,0.0,0.0,0.0,0.0,0.0,0.0,0.0,1.0,,,,,,,,,,21.0
summer,NEVADA,b,Jaffa,22.7.24,7.0,,28,28,28,30,30.0,30.0,30.0,29.0,29.0,23.0,29.0,24.0,31.0,31.0,31.0,31.0,33.0,34.0,34.0,34.0,34.0,34.0,33.0,33.0,31.0,25.0,,,,,,,,35,35,35,34,32.0,36.0,34.0,34.0,36.0,37.0,37.0,37.0,37.0,29.0,30.0,36.0,38.0,40.0,40.0,40.0,40.0,40.0,40.0,33.0,36.0,36.0,,,,,,,,0,0,0,0,0.0,0.0,0.0,0.0,0.0,0.0,0.0,0.0,0.0,0.0,0.0,0.0,0.0,0.0,0.0,0.0,0.0,0.0,0.0,0.0,0.0,1.0,,,,,,,,23.0
summer,NEVADA,c,Jaffa,22.7.24,5.0,,28,28,28,30,30.0,30.0,30.0,29.0,29.0,23.0,29.0,24.0,31.0,,,,,,,,,,,,,,,,,,,,,35,35,35,34,32.0,36.0,34.0,34.0,36.0,37.0,37.0,37.0,37.0,,,,,,,,,,,,,,,,,,,,,0,0,0,0,0.0,0.0,0.0,0.0,0.0,0.0,0.0,0.0,1.0,,,,,,,,,,,,,,,,,,,,,10.0
summer,CONTROL,a,Jaffa,22.7.24,4.5,,28,28,28,28,28.0,28.0,28.0,28.0,28.0,28.0,28.0,28.0,28.0,28.0,28.0,28.0,28.0,28.0,28.0,28.0,28.0,28.0,28.0,28.0,28.0,28.0,28.0,28.0,28.0,28.0,28.0,28.0,28.0,35,35,35,35,35.0,35.0,35.0,35.0,35.0,35.0,35.0,35.0,35.0,35.0,35.0,35.0,35.0,35.0,35.0,35.0,35.0,35.0,35.0,35.0,35.0,35.0,35.0,35.0,35.0,35.0,35.0,35.0,35.0,0,0,0,0,0.0,0.0,0.0,0.0,0.0,0.0,0.0,0.0,0.0,0.0,0.0,0.0,0.0,0.0,0.0,0.0,0.0,0.0,0.0,0.0,0.0,0.0,0.0,0.0,0.0,0.0,0.0,0.0,0.0,
summer,CONTROL,b,Jaffa,22.7.24,4.5,,28,28,28,28,28.0,28.0,28.0,28.0,28.0,28.0,28.0,28.0,28.0,28.0,28.0,28.0,28.0,28.0,28.0,28.0,28.0,28.0,28.0,28.0,28.0,28.0,28.0,28.0,28.0,28.0,28.0,28.0,28.0,35,35,35,35,35.0,35.0,35.0,35.0,35.0,35.0,35.0,35.0,35.0,35.0,35.0,35.0,35.0,35.0,35.0,35.0,35.0,35.0,35.0,35.0,35.0,35.0,35.0,35.0,35.0,35.0,35.0,35.0,35.0,0,0,0,0,0.0,0.0,0.0,0.0,0.0,0.0,0.0,0.0,0.0,0.0,0.0,0.0,0.0,0.0,0.0,0.0,0.0,0.0,0.0,0.0,0.0,0.0,0.0,0.0,0.0,0.0,0.0,0.0,0.0,
summer,CONTROL,c,Jaffa,22.7.24,5.0,,28,28,28,28,28.0,28.0,28.0,28.0,28.0,28.0,28.0,28.0,28.0,28.0,28.0,28.0,28.0,28.0,28.0,28.0,28.0,28.0,28.0,28.0,28.0,28.0,28.0,28.0,28.0,28.0,28.0,28.0,28.0,35,35,35,35,35.0,35.0,35.0,35.0,35.0,35.0,35.0,35.0,35.0,35.0,35.0,35.0,35.0,35.0,35.0,35.0,35.0,35.0,35.0,35.0,35.0,35.0,35.0,35.0,35.0,35.0,35.0,35.0,35.0,0,0,0,0,0.0,0.0,0.0,0.0,0.0,0.0,0.0,0.0,0.0,0.0,0.0,0.0,0.0,0.0,0.0,0.0,0.0,0.0,0.0,0.0,0.0,0.0,0.0,0.0,0.0,0.0,0.0,0.0,0.0,
summer,TINA,a,Ashdod,27.8.24,7.0,,27,27,27,24,25.0,25.0,25.0,25.0,26.0,25.0,26.0,26.0,26.0,27.0,27.0,27.0,26.0,30.0,27.0,29.0,29.0,29.0,29.0,20.0,32.0,32.0,34.0,34.0,35.0,,,,,37,37,37,28,28.0,28.0,30.0,30.0,30.0,35.0,37.0,39.0,37.0,38.0,38.0,38.0,39.0,39.0,39.0,37.0,39.0,40.0,35.0,36.0,37.0,37.0,40.0,28.0,29.0,,,,,0,0,0,0,0.0,0.0,0.0,0.0,0.0,0.0,0.0,0.0,0.0,0.0,0.0,0.0,0.0,0.0,0.0,0.0,0.0,0.0,0.0,0.0,0.0,0.0,0.0,0.0,1.0,,,,,26.0
summer,TINA,b,Ashdod,27.8.24,6.0,,27,27,27,24,25.0,25.0,25.0,25.0,26.0,25.0,26.0,26.0,26.0,27.0,27.0,27.0,26.0,30.0,27.0,29.0,29.0,29.0,29.0,20.0,32.0,32.0,34.0,34.0,35.0,31.0,27.0,27.0,27.0,37,37,37,28,28.0,28.0,30.0,30.0,30.0,35.0,37.0,39.0,37.0,38.0,38.0,38.0,39.0,39.0,39.0,37.0,39.0,40.0,35.0,36.0,37.0,37.0,40.0,28.0,29.0,36.0,37.0,37.0,38.0,0,0,0,0,0.0,0.0,0.0,0.0,0.0,0.0,0.0,0.0,0.0,0.0,0.0,0.0,0.0,0.0,0.0,0.0,0.0,0.0,0.0,0.0,0.0,0.0,0.0,0.0,0.0,0.0,0.0,0.0,0.0,
summer,TINA,c,Ashdod,27.8.24,7.0,,27,27,27,24,25.0,25.0,25.0,25.0,26.0,25.0,26.0,26.0,26.0,27.0,27.0,27.0,26.0,30.0,27.0,29.0,29.0,29.0,29.0,20.0,32.0,32.0,34.0,34.0,35.0,31.0,27.0,27.0,27.0,37,37,37,28,28.0,28.0,30.0,30.0,30.0,35.0,37.0,39.0,37.0,38.0,38.0,38.0,39.0,39.0,39.0,37.0,39.0,40.0,35.0,36.0,37.0,37.0,40.0,28.0,29.0,36.0,37.0,37.0,38.0,0,0,0,0,0.0,0.0,0.0,0.0,0.0,0.0,0.0,0.0,0.0,0.0,0.0,0.0,0.0,0.0,0.0,0.0,0.0,0.0,0.0,0.0,0.0,0.0,0.0,0.0,0.0,0.0,0.0,0.0,0.0,
summer,VENICE,a,Ashdod,27.8.24,6.5,,27,27,27,27,32.0,27.0,26.0,25.0,24.0,23.0,23.0,24.0,23.0,23.0,25.0,25.0,25.0,26.0,26.0,23.0,33.0,27.0,29.0,32.0,32.0,29.0,25.0,31.0,31.0,,,,,37,37,37,39,39.0,39.0,39.0,39.0,40.0,40.0,39.0,40.0,38.0,39.0,29.0,29.0,29.0,34.0,39.0,36.0,39.0,39.0,38.0,35.0,37.0,36.0,36.0,38.0,40.0,,,,,0,0,0,0,0.0,0.0,0.0,0.0,0.0,0.0,0.0,0.0,0.0,0.0,0.0,0.0,0.0,0.0,0.0,0.0,0.0,0.0,0.0,0.0,0.0,0.0,0.0,0.0,1.0,,,,,26.0
summer,VENICE,b,Ashdod,27.8.24,6.5,,27,27,27,27,32.0,27.0,26.0,25.0,24.0,23.0,23.0,24.0,23.0,23.0,25.0,25.0,25.0,26.0,26.0,23.0,33.0,27.0,29.0,32.0,32.0,29.0,25.0,31.0,31.0,35.0,,,,37,37,37,39,39.0,39.0,39.0,39.0,40.0,40.0,39.0,40.0,38.0,39.0,29.0,29.0,29.0,34.0,39.0,36.0,39.0,39.0,38.0,35.0,37.0,36.0,36.0,38.0,40.0,29.0,,,,0,0,0,0,0.0,0.0,0.0,0.0,0.0,0.0,0.0,0.0,0.0,0.0,0.0,0.0,0.0,0.0,0.0,0.0,0.0,0.0,0.0,0.0,0.0,0.0,0.0,0.0,0.0,1.0,,,,27.0
summer,VENICE,c,Ashdod,27.8.24,4.5,,27,27,27,27,32.0,27.0,26.0,25.0,24.0,23.0,23.0,24.0,23.0,23.0,25.0,25.0,25.0,26.0,26.0,23.0,33.0,27.0,29.0,32.0,32.0,29.0,25.0,31.0,31.0,35.0,,,,37,37,37,39,39.0,39.0,39.0,39.0,40.0,40.0,39.0,40.0,38.0,39.0,29.0,29.0,29.0,34.0,39.0,36.0,39.0,39.0,38.0,35.0,37.0,36.0,36.0,38.0,40.0,29.0,,,,0,0,0,0,0.0,0.0,0.0,0.0,0.0,0.0,0.0,0.0,0.0,0.0,0.0,0.0,0.0,0.0,0.0,0.0,0.0,0.0,0.0,0.0,0.0,0.0,0.0,0.0,0.0,1.0,,,,27.0
summer,ANNA,a,Ashdod,27.8.24,5.0,,27,27,27,27,32.0,30.0,26.0,25.0,26.0,25.0,23.0,21.0,18.0,18.0,17.0,16.0,16.0,17.0,18.0,22.0,,,,,,,,,,,,,,37,37,37,39,39.0,39.0,40.0,39.0,40.0,40.0,36.0,37.0,36.0,36.0,36.0,36.0,37.0,35.0,36.0,2.0,,,,,,,,,,,,,,0,0,0,0,0.0,0.0,0.0,0.0,0.0,0.0,0.0,0.0,0.0,0.0,0.0,0.0,0.0,0.0,0.0,1.0,,,,,,,,,,,,,,17.0
summer,ANNA,b,Ashdod,27.8.24,7.5,,27,27,27,27,32.0,30.0,26.0,25.0,26.0,25.0,23.0,21.0,18.0,18.0,17.0,16.0,16.0,17.0,18.0,22.0,,,,,,,,,,,,,,37,37,37,39,39.0,39.0,40.0,39.0,40.0,40.0,36.0,37.0,36.0,36.0,36.0,36.0,37.0,35.0,36.0,2.0,,,,,,,,,,,,,,0,0,0,0,0.0,0.0,0.0,0.0,0.0,0.0,0.0,0.0,0.0,0.0,0.0,0.0,0.0,0.0,0.0,1.0,,,,,,,,,,,,,,17.0
summer,ANNA,c,Ashdod,27.8.24,6.0,,27,27,27,27,32.0,30.0,26.0,25.0,26.0,25.0,23.0,21.0,18.0,18.0,17.0,16.0,16.0,17.0,18.0,22.0,,,,,,,,,,,,,,37,37,37,39,39.0,39.0,40.0,39.0,40.0,40.0,36.0,37.0,36.0,36.0,36.0,36.0,37.0,35.0,36.0,2.0,,,,,,,,,,,,,,0,0,0,0,0.0,0.0,0.0,0.0,0.0,0.0,0.0,0.0,0.0,0.0,0.0,0.0,0.0,0.0,0.0,1.0,,,,,,,,,,,,,,17.0
summer,FORSTER,a,Ashdod,27.8.24,5.0,,27,27,27,27,27.0,27.0,27.0,25.0,24.0,20.0,20.0,21.0,18.0,18.0,17.0,21.0,21.0,21.0,22.0,,,,,,,,,,,,,,,37,37,37,39,39.0,39.0,39.0,38.0,40.0,40.0,36.0,37.0,36.0,36.0,35.0,34.0,33.0,32.0,2.0,,,,,,,,,,,,,,,0,0,0,0,0.0,0.0,0.0,0.0,0.0,0.0,0.0,0.0,0.0,0.0,0.0,0.0,0.0,0.0,1.0,,,,,,,,,,,,,,,16.0
summer,FORSTER,b,Ashdod,27.8.24,9.0,,27,27,27,27,27.0,27.0,27.0,25.0,24.0,20.0,20.0,21.0,18.0,18.0,17.0,21.0,21.0,21.0,22.0,,,,,,,,,,,,,,,37,37,37,39,39.0,39.0,39.0,38.0,40.0,40.0,36.0,37.0,36.0,36.0,35.0,34.0,33.0,32.0,2.0,,,,,,,,,,,,,,,0,0,0,0,0.0,0.0,0.0,0.0,0.0,0.0,0.0,0.0,0.0,0.0,0.0,0.0,0.0,0.0,1.0,,,,,,,,,,,,,,,16.0
summer,FORSTER,c,Ashdod,27.8.24,5.0,,27,27,27,27,27.0,27.0,27.0,25.0,24.0,20.0,20.0,21.0,18.0,18.0,17.0,21.0,21.0,21.0,22.0,,,,,,,,,,,,,,,37,37,37,39,39.0,39.0,39.0,38.0,40.0,40.0,36.0,37.0,36.0,36.0,35.0,34.0,33.0,32.0,2.0,,,,,,,,,,,,,,,0,0,0,0,0.0,0.0,0.0,0.0,0.0,0.0,0.0,0.0,0.0,0.0,0.0,0.0,0.0,0.0,1.0,,,,,,,,,,,,,,,16.0
summer,ELOANE,a,Ashdod,27.8.24,8.0,,27,27,27,30,32.0,27.0,27.0,27.0,26.0,25.0,28.0,26.0,26.0,26.0,26.0,26.0,25.0,25.0,26.0,26.0,26.0,26.0,26.0,26.0,27.0,32.0,31.0,29.0,35.0,31.0,31.0,29.0,27.0,37,37,37,39,39.0,39.0,40.0,39.0,40.0,38.0,37.0,38.0,37.0,38.0,37.0,38.0,38.0,38.0,40.0,38.0,40.0,38.0,39.0,39.0,39.0,38.0,39.0,39.0,40.0,39.0,37.0,37.0,38.0,0,0,0,0,0.0,0.0,0.0,0.0,0.0,0.0,0.0,0.0,0.0,0.0,0.0,0.0,0.0,0.0,0.0,0.0,0.0,0.0,0.0,0.0,0.0,0.0,0.0,0.0,0.0,0.0,0.0,0.0,0.0,
summer,ELOANE,b,Ashdod,27.8.24,7.0,,27,27,27,30,32.0,27.0,27.0,27.0,26.0,25.0,28.0,26.0,26.0,26.0,26.0,26.0,25.0,25.0,26.0,26.0,26.0,26.0,26.0,26.0,27.0,32.0,31.0,29.0,35.0,31.0,31.0,29.0,27.0,37,37,37,39,39.0,39.0,40.0,39.0,40.0,38.0,37.0,38.0,37.0,38.0,37.0,38.0,38.0,38.0,40.0,38.0,40.0,38.0,39.0,39.0,39.0,38.0,39.0,39.0,40.0,39.0,37.0,37.0,38.0,0,0,0,0,0.0,0.0,0.0,0.0,0.0,0.0,0.0,0.0,0.0,0.0,0.0,0.0,0.0,0.0,0.0,0.0,0.0,0.0,0.0,0.0,0.0,0.0,0.0,0.0,0.0,0.0,0.0,0.0,1.0,30.0
summer,ELOANE,c,Ashdod,27.8.24,5.0,,27,27,27,30,32.0,27.0,27.0,27.0,26.0,25.0,28.0,26.0,26.0,26.0,26.0,26.0,25.0,25.0,26.0,26.0,26.0,26.0,26.0,26.0,27.0,32.0,31.0,29.0,35.0,31.0,31.0,29.0,27.0,37,37,37,39,39.0,39.0,40.0,39.0,40.0,38.0,37.0,38.0,37.0,38.0,37.0,38.0,38.0,38.0,40.0,38.0,40.0,38.0,39.0,39.0,39.0,38.0,39.0,39.0,40.0,39.0,37.0,37.0,38.0,0,0,0,0,0.0,0.0,0.0,0.0,0.0,0.0,0.0,0.0,0.0,0.0,0.0,0.0,0.0,0.0,0.0,0.0,0.0,0.0,0.0,0.0,0.0,0.0,0.0,0.0,0.0,0.0,0.0,0.0,0.0,
summer,VENUS,a,Ashdod,27.8.24,6.0,,27,27,27,30,27.0,30.0,30.0,26.0,27.0,26.0,28.0,28.0,29.0,29.0,30.0,30.0,29.0,30.0,30.0,29.0,29.0,29.0,26.0,29.0,29.0,29.0,28.0,34.0,,,,,,37,37,37,39,39.0,38.0,37.0,37.0,36.0,36.0,36.0,36.0,35.0,34.0,33.0,32.0,32.0,33.0,34.0,35.0,37.0,36.0,35.0,33.0,29.0,31.0,32.0,13.0,,,,,,0,0,0,0,0.0,0.0,0.0,0.0,0.0,0.0,0.0,0.0,0.0,0.0,0.0,0.0,0.0,0.0,0.0,0.0,0.0,0.0,0.0,0.0,0.0,0.0,0.0,1.0,,,,,,25.0
summer,VENUS,b,Ashdod,27.8.24,7.0,,27,27,27,30,27.0,30.0,30.0,26.0,27.0,26.0,28.0,28.0,29.0,29.0,30.0,30.0,29.0,30.0,30.0,29.0,29.0,29.0,26.0,29.0,29.0,29.0,28.0,34.0,,,,,,37,37,37,39,39.0,38.0,37.0,37.0,36.0,36.0,36.0,36.0,35.0,34.0,33.0,32.0,32.0,33.0,34.0,35.0,37.0,36.0,35.0,33.0,29.0,31.0,32.0,13.0,,,,,,0,0,0,0,0.0,0.0,0.0,0.0,0.0,0.0,0.0,0.0,0.0,0.0,0.0,0.0,0.0,0.0,0.0,0.0,0.0,0.0,0.0,0.0,0.0,0.0,0.0,1.0,,,,,,25.0
summer,VENUS,c,Ashdod,27.8.24,6.5,,27,27,27,30,27.0,30.0,30.0,26.0,27.0,26.0,28.0,28.0,29.0,29.0,30.0,30.0,29.0,30.0,30.0,29.0,29.0,29.0,26.0,29.0,29.0,29.0,28.0,34.0,,,,,,37,37,37,39,39.0,38.0,37.0,37.0,36.0,36.0,36.0,36.0,35.0,34.0,33.0,32.0,32.0,33.0,34.0,35.0,37.0,36.0,35.0,33.0,29.0,31.0,32.0,13.0,,,,,,0,0,0,0,0.0,0.0,0.0,0.0,0.0,0.0,0.0,0.0,0.0,0.0,0.0,0.0,0.0,0.0,0.0,0.0,0.0,0.0,0.0,0.0,0.0,0.0,0.0,1.0,,,,,,25.0
summer,JADE,a,Ashdod,27.8.24,7.5,,27,27,27,30,32.0,27.0,27.0,27.0,26.0,25.0,26.0,26.0,26.0,26.0,26.0,26.0,26.0,26.0,26.0,26.0,26.0,26.0,26.0,32.0,32.0,26.0,31.0,31.0,29.0,,,,,37,37,37,39,40.0,39.0,39.0,39.0,40.0,38.0,38.0,38.0,37.0,38.0,38.0,38.0,38.0,38.0,40.0,37.0,40.0,39.0,39.0,39.0,39.0,39.0,39.0,38.0,38.0,,,,,0,0,0,0,0.0,0.0,0.0,0.0,0.0,0.0,0.0,0.0,0.0,0.0,0.0,0.0,0.0,0.0,0.0,0.0,0.0,0.0,0.0,0.0,0.0,0.0,0.0,0.0,1.0,,,,,26.0
summer,JADE,b,Ashdod,27.8.24,5.0,,27,27,27,30,32.0,27.0,27.0,27.0,26.0,25.0,26.0,26.0,26.0,26.0,26.0,26.0,26.0,26.0,26.0,26.0,26.0,26.0,26.0,32.0,32.0,26.0,31.0,31.0,29.0,25.0,27.0,27.0,27.0,37,37,37,39,40.0,39.0,39.0,39.0,40.0,38.0,38.0,38.0,37.0,38.0,38.0,38.0,38.0,38.0,40.0,37.0,40.0,39.0,39.0,39.0,39.0,39.0,39.0,38.0,38.0,36.0,37.0,37.0,38.0,0,0,0,0,0.0,0.0,0.0,0.0,0.0,0.0,0.0,0.0,0.0,0.0,0.0,0.0,0.0,0.0,0.0,0.0,0.0,0.0,0.0,0.0,0.0,0.0,0.0,0.0,0.0,0.0,0.0,0.0,0.0,
summer,JADE,c,Ashdod,27.8.24,5.0,,27,27,27,30,32.0,27.0,27.0,27.0,26.0,25.0,26.0,26.0,26.0,26.0,26.0,26.0,26.0,26.0,26.0,26.0,26.0,26.0,26.0,32.0,32.0,26.0,31.0,31.0,29.0,25.0,27.0,,,37,37,37,39,40.0,39.0,39.0,39.0,40.0,38.0,38.0,38.0,37.0,38.0,38.0,38.0,38.0,38.0,40.0,37.0,40.0,39.0,39.0,39.0,39.0,39.0,39.0,38.0,38.0,36.0,37.0,,,0,0,0,0,0.0,0.0,0.0,0.0,0.0,0.0,0.0,0.0,0.0,0.0,0.0,0.0,0.0,0.0,0.0,0.0,0.0,0.0,0.0,0.0,0.0,0.0,0.0,0.0,0.0,0.0,1.0,,,28.0
summer,CONTROL,a,Ashdod,27.8.24,6.0,,27,27,27,27,27.0,27.0,27.0,27.0,27.0,27.0,27.0,27.0,27.0,27.0,27.0,27.0,27.0,27.0,27.0,27.0,27.0,27.0,27.0,27.0,27.0,27.0,27.0,27.0,27.0,27.0,27.0,27.0,27.0,37,37,37,37,37.0,37.0,37.0,37.0,37.0,37.0,37.0,37.0,37.0,37.0,37.0,37.0,37.0,37.0,37.0,37.0,37.0,37.0,37.0,37.0,37.0,37.0,37.0,37.0,37.0,37.0,37.0,37.0,37.0,0,0,0,0,0.0,0.0,0.0,0.0,0.0,0.0,0.0,0.0,0.0,0.0,0.0,0.0,0.0,0.0,0.0,0.0,0.0,0.0,0.0,0.0,0.0,0.0,0.0,0.0,0.0,0.0,0.0,0.0,0.0,
summer,CONTROL,b,Ashdod,27.8.24,7.0,,27,27,27,27,27.0,27.0,27.0,27.0,27.0,27.0,27.0,27.0,27.0,27.0,27.0,27.0,27.0,27.0,27.0,27.0,27.0,27.0,27.0,27.0,27.0,27.0,27.0,27.0,27.0,27.0,27.0,27.0,27.0,37,37,37,37,37.0,37.0,37.0,37.0,37.0,37.0,37.0,37.0,37.0,37.0,37.0,37.0,37.0,37.0,37.0,37.0,37.0,37.0,37.0,37.0,37.0,37.0,37.0,37.0,37.0,37.0,37.0,37.0,37.0,0,0,0,0,0.0,0.0,0.0,0.0,0.0,0.0,0.0,0.0,0.0,0.0,0.0,0.0,0.0,0.0,0.0,0.0,0.0,0.0,0.0,0.0,0.0,0.0,0.0,0.0,0.0,0.0,0.0,0.0,0.0,
summer,CONTROL,c,Ashdod,27.8.24,6.0,,27,27,27,27,27.0,27.0,27.0,27.0,27.0,27.0,27.0,27.0,27.0,27.0,27.0,27.0,27.0,27.0,27.0,27.0,27.0,27.0,27.0,27.0,27.0,27.0,27.0,27.0,27.0,27.0,27.0,27.0,27.0,37,37,37,37,37.0,37.0,37.0,37.0,37.0,37.0,37.0,37.0,37.0,37.0,37.0,37.0,37.0,37.0,37.0,37.0,37.0,37.0,37.0,37.0,37.0,37.0,37.0,37.0,37.0,37.0,37.0,37.0,37.0,0,0,0,0,0.0,0.0,0.0,0.0,0.0,0.0,0.0,0.0,0.0,0.0,0.0,0.0,0.0,0.0,0.0,0.0,0.0,0.0,0.0,0.0,0.0,0.0,0.0,0.0,0.0,0.0,0.0,0.0,0.0,
summer,CONTROL,d,Ashdod,27.8.24,6.5,,27,27,27,27,27.0,27.0,27.0,27.0,27.0,27.0,27.0,27.0,27.0,27.0,27.0,27.0,27.0,27.0,27.0,27.0,27.0,27.0,27.0,27.0,27.0,27.0,27.0,27.0,27.0,27.0,27.0,27.0,27.0,37,37,37,37,37.0,37.0,37.0,37.0,37.0,37.0,37.0,37.0,37.0,37.0,37.0,37.0,37.0,37.0,37.0,37.0,37.0,37.0,37.0,37.0,37.0,37.0,37.0,37.0,37.0,37.0,37.0,37.0,37.0,0,0,0,0,0.0,0.0,0.0,0.0,0.0,0.0,0.0,0.0,0.0,0.0,0.0,0.0,0.0,0.0,0.0,0.0,0.0,0.0,0.0,0.0,0.0,0.0,0.0,0.0,0.0,0.0,0.0,0.0,0.0,
summer,CONTROL,e,Ashdod,27.8.24,6.0,,27,27,27,27,27.0,27.0,27.0,27.0,27.0,27.0,27.0,27.0,27.0,27.0,27.0,27.0,27.0,27.0,27.0,27.0,27.0,27.0,27.0,27.0,27.0,27.0,27.0,27.0,27.0,27.0,27.0,27.0,27.0,37,37,37,37,37.0,37.0,37.0,37.0,37.0,37.0,37.0,37.0,37.0,37.0,37.0,37.0,37.0,37.0,37.0,37.0,37.0,37.0,37.0,37.0,37.0,37.0,37.0,37.0,37.0,37.0,37.0,37.0,37.0,0,0,0,0,0.0,0.0,0.0,0.0,0.0,0.0,0.0,0.0,0.0,0.0,0.0,0.0,0.0,0.0,0.0,0.0,0.0,0.0,0.0,0.0,0.0,0.0,0.0,0.0,0.0,0.0,0.0,0.0,0.0,
summer,SINGAPURA,a,Ashdod,26.9.24,5.0,13.0,27,27,27,27,27.0,27.0,25.0,27.0,32.0,26.0,30.0,30.0,31.0,29.0,27.0,,,,,,,,,,,,,,,,,,,39,39,39,38,38.0,36.0,39.0,38.0,38.0,39.0,39.0,40.0,40.0,38.0,36.0,,,,,,,,,,,,,,,,,,,0,0,0,0,0.0,0.0,0.0,0.0,0.0,0.0,0.0,0.0,0.0,0.0,0.0,,,,,,,,,,,,,,,,,,,
summer,SINGAPURA,b,Ashdod,26.9.24,5.0,13.0,27,27,27,27,27.0,27.0,25.0,27.0,32.0,26.0,30.0,30.0,31.0,29.0,27.0,,,,,,,,,,,,,,,,,,,39,39,39,38,38.0,36.0,39.0,38.0,38.0,39.0,39.0,40.0,40.0,38.0,36.0,,,,,,,,,,,,,,,,,,,0,0,0,0,0.0,0.0,0.0,0.0,0.0,0.0,0.0,0.0,0.0,0.0,0.0,,,,,,,,,,,,,,,,,,,
summer,SINGAPURA,c,Ashdod,26.9.24,5.0,19.0,27,27,27,27,27.0,27.0,25.0,27.0,32.0,26.0,30.0,30.0,31.0,29.0,27.0,32.0,32.0,34.0,34.0,31.0,29.0,,,,,,,,,,,,,39,39,39,38,38.0,36.0,39.0,38.0,38.0,39.0,39.0,40.0,40.0,38.0,36.0,36.0,36.0,31.0,29.0,35.0,36.0,,,,,,,,,,,,,0,0,0,0,0.0,0.0,0.0,0.0,0.0,0.0,0.0,0.0,0.0,0.0,0.0,0.0,0.0,0.0,0.0,0.0,0.0,,,,,,,,,,,,,
summer,PISCES,a,Ashdod,26.9.24,5.0,20.0,27,27,27,27,27.0,28.0,28.0,29.0,31.0,30.0,30.0,30.0,30.0,29.0,29.0,29.0,29.0,27.0,27.0,29.0,29.0,29.0,,,,,,,,,,,,39,39,39,32,34.0,33.0,33.0,30.0,30.0,34.0,34.0,32.0,33.0,35.0,35.0,36.0,36.0,36.0,36.0,37.0,37.0,37.0,,,,,,,,,,,,0,0,0,0,0.0,0.0,0.0,0.0,0.0,0.0,0.0,0.0,0.0,0.0,0.0,0.0,0.0,0.0,0.0,0.0,0.0,0.0,,,,,,,,,,,,
summer,PISCES,b,Ashdod,26.9.24,6.0,,27,27,27,27,27.0,28.0,28.0,29.0,31.0,30.0,30.0,30.0,30.0,29.0,29.0,29.0,29.0,27.0,27.0,29.0,29.0,29.0,31.0,25.0,26.0,20.0,20.0,18.0,16.0,13.0,20.0,17.0,17.0,39,39,39,32,34.0,33.0,33.0,30.0,30.0,34.0,34.0,32.0,33.0,35.0,35.0,36.0,36.0,36.0,36.0,37.0,37.0,37.0,39.0,39.0,39.0,38.0,39.0,35.0,36.0,35.0,32.0,33.0,33.0,0,0,0,0,0.0,0.0,0.0,0.0,0.0,0.0,0.0,0.0,0.0,0.0,0.0,0.0,0.0,0.0,0.0,0.0,0.0,0.0,0.0,0.0,0.0,0.0,0.0,0.0,0.0,0.0,0.0,0.0,0.0,
summer,PISCES,c,Ashdod,26.9.24,6.0,,27,27,27,27,27.0,28.0,28.0,29.0,31.0,30.0,30.0,30.0,30.0,29.0,29.0,29.0,29.0,27.0,27.0,29.0,29.0,29.0,31.0,25.0,26.0,20.0,20.0,18.0,16.0,13.0,20.0,17.0,17.0,39,39,39,32,34.0,33.0,33.0,30.0,30.0,34.0,34.0,32.0,33.0,35.0,35.0,36.0,36.0,36.0,36.0,37.0,37.0,37.0,39.0,39.0,39.0,38.0,39.0,35.0,36.0,35.0,32.0,33.0,33.0,0,0,0,0,0.0,0.0,0.0,0.0,0.0,0.0,0.0,0.0,0.0,0.0,0.0,0.0,0.0,0.0,0.0,0.0,0.0,0.0,0.0,0.0,0.0,0.0,0.0,0.0,0.0,0.0,0.0,0.0,0.0,
summer,ELPIDA,a,Ashdod,26.9.24,7.0,22.0,27,27,27,27,27.0,31.0,31.0,31.0,32.0,30.0,29.0,30.0,30.0,30.0,28.0,29.0,29.0,29.0,28.0,27.0,27.0,30.0,31.0,29.0,,,,,,,,,,39,39,39,33,31.0,31.0,33.0,33.0,33.0,34.0,34.0,32.0,32.0,33.0,35.0,34.0,34.0,36.0,36.0,37.0,36.0,36.0,37.0,38.0,,,,,,,,,,0,0,0,0,0.0,0.0,0.0,0.0,0.0,0.0,0.0,0.0,0.0,0.0,0.0,0.0,0.0,0.0,0.0,0.0,0.0,0.0,0.0,0.0,,,,,,,,,,
summer,ELPIDA,b,Ashdod,26.9.24,7.0,,27,27,27,27,27.0,31.0,31.0,31.0,32.0,30.0,29.0,30.0,30.0,30.0,28.0,29.0,29.0,29.0,28.0,27.0,27.0,30.0,31.0,29.0,31.0,31.0,26.0,26.0,23.0,20.0,20.0,17.0,17.0,39,39,39,32,31.0,31.0,33.0,33.0,33.0,34.0,34.0,32.0,32.0,33.0,35.0,34.0,34.0,36.0,36.0,37.0,36.0,36.0,37.0,38.0,39.0,39.0,39.0,39.0,37.0,38.0,36.0,36.0,36.0,0,0,0,0,0.0,0.0,0.0,0.0,0.0,0.0,0.0,0.0,0.0,0.0,0.0,0.0,0.0,0.0,0.0,0.0,0.0,0.0,0.0,0.0,0.0,0.0,0.0,0.0,0.0,0.0,0.0,0.0,0.0,
summer,ELPIDA,c,Ashdod,26.9.24,8.0,19.0,27,27,27,27,27.0,31.0,31.0,31.0,32.0,30.0,29.0,30.0,30.0,30.0,28.0,29.0,29.0,29.0,28.0,27.0,27.0,,,,,,,,,,,,,39,39,39,32,31.0,31.0,33.0,33.0,33.0,34.0,34.0,32.0,32.0,33.0,35.0,34.0,34.0,36.0,36.0,37.0,36.0,,,,,,,,,,,,,0,0,0,0,0.0,0.0,0.0,0.0,0.0,0.0,0.0,0.0,0.0,0.0,0.0,0.0,0.0,0.0,0.0,0.0,0.0,,,,,,,,,,,,,
summer,GLORY,a,Ashdod,26.9.24,6.5,,27,27,27,27,27.0,27.0,27.0,30.0,31.0,27.0,29.0,29.0,30.0,30.0,31.0,32.0,32.0,28.0,29.0,29.0,27.0,27.0,31.0,31.0,28.0,31.0,31.0,26.0,23.0,23.0,20.0,17.0,17.0,39,39,39,33,31.0,29.0,34.0,33.0,32.0,33.0,33.0,31.0,30.0,33.0,32.0,32.0,32.0,35.0,36.0,36.0,36.0,36.0,36.0,35.0,39.0,39.0,39.0,39.0,36.0,39.0,36.0,36.0,36.0,0,0,0,0,0.0,0.0,0.0,0.0,0.0,0.0,0.0,0.0,0.0,0.0,0.0,0.0,0.0,0.0,0.0,0.0,0.0,0.0,0.0,0.0,0.0,0.0,0.0,0.0,0.0,0.0,0.0,0.0,0.0,
summer,GLORY,b,Ashdod,26.9.24,6.5,24.0,27,27,27,27,27.0,27.0,27.0,30.0,31.0,27.0,29.0,29.0,30.0,30.0,31.0,32.0,32.0,28.0,29.0,29.0,27.0,27.0,31.0,31.0,28.0,31.0,,,,,,,,39,39,39,33,31.0,29.0,34.0,33.0,32.0,33.0,33.0,31.0,30.0,33.0,32.0,32.0,32.0,35.0,36.0,36.0,36.0,36.0,36.0,35.0,39.0,39.0,,,,,,,,0,0,0,0,0.0,0.0,0.0,0.0,0.0,0.0,0.0,0.0,0.0,0.0,0.0,0.0,0.0,0.0,0.0,0.0,0.0,0.0,0.0,0.0,0.0,0.0,,,,,,,,
summer,GLORY,c,Ashdod,26.9.24,6.0,,27,27,27,27,27.0,27.0,27.0,30.0,31.0,27.0,29.0,29.0,30.0,30.0,31.0,32.0,32.0,28.0,29.0,29.0,27.0,27.0,31.0,31.0,28.0,31.0,31.0,26.0,23.0,23.0,20.0,17.0,17.0,39,39,39,33,31.0,29.0,34.0,33.0,32.0,33.0,33.0,31.0,30.0,33.0,32.0,32.0,32.0,35.0,36.0,36.0,36.0,36.0,36.0,35.0,39.0,39.0,39.0,39.0,36.0,39.0,36.0,36.0,36.0,0,0,0,0,0.0,0.0,0.0,0.0,0.0,0.0,0.0,0.0,0.0,0.0,0.0,0.0,0.0,0.0,0.0,0.0,0.0,0.0,0.0,0.0,0.0,0.0,0.0,0.0,0.0,0.0,0.0,0.0,0.0,
summer,TOKYO,a,Ashdod,26.9.24,7.0,,27,27,27,27,26.0,26.0,25.0,27.0,27.0,26.0,31.0,27.0,31.0,30.0,31.0,29.0,29.0,27.0,27.0,24.0,25.0,25.0,25.0,25.0,20.0,20.0,15.0,13.0,12.0,13.0,11.0,12.0,14.0,39,39,39,40,38.0,36.0,38.0,38.0,39.0,39.0,39.0,39.0,40.0,38.0,40.0,39.0,39.0,36.0,35.0,35.0,35.0,35.0,35.0,35.0,35.0,35.0,35.0,35.0,35.0,35.0,36.0,36.0,36.0,0,0,0,0,0.0,0.0,0.0,0.0,0.0,0.0,0.0,0.0,0.0,0.0,0.0,0.0,0.0,0.0,0.0,0.0,0.0,0.0,0.0,0.0,0.0,0.0,0.0,0.0,0.0,0.0,0.0,0.0,0.0,
summer,TOKYO,b,Ashdod,26.9.24,5.5,17.0,27,27,27,27,26.0,26.0,25.0,27.0,27.0,26.0,31.0,27.0,31.0,30.0,31.0,29.0,29.0,27.0,27.0,,,,,,,,,,,,,,,39,39,39,40,38.0,36.0,38.0,38.0,39.0,39.0,39.0,39.0,40.0,38.0,40.0,39.0,39.0,36.0,35.0,,,,,,,,,,,,,,,0,0,0,0,0.0,0.0,0.0,0.0,0.0,0.0,0.0,0.0,0.0,0.0,0.0,0.0,0.0,0.0,0.0,,,,,,,,,,,,,,,
summer,TOKYO,c,Ashdod,26.9.24,7.0,,27,27,27,27,26.0,26.0,25.0,27.0,27.0,26.0,31.0,27.0,31.0,30.0,31.0,29.0,29.0,27.0,27.0,24.0,25.0,25.0,25.0,25.0,20.0,20.0,15.0,13.0,12.0,13.0,11.0,12.0,14.0,39,39,39,40,38.0,36.0,38.0,38.0,39.0,39.0,39.0,39.0,40.0,38.0,40.0,39.0,39.0,36.0,35.0,35.0,35.0,35.0,35.0,35.0,35.0,35.0,35.0,35.0,35.0,35.0,36.0,36.0,36.0,0,0,0,0,0.0,0.0,0.0,0.0,0.0,0.0,0.0,0.0,0.0,0.0,0.0,0.0,0.0,0.0,0.0,0.0,0.0,0.0,0.0,0.0,0.0,0.0,0.0,0.0,0.0,0.0,0.0,0.0,0.0,
summer,MOSCOW,a,Ashdod,26.9.24,7.0,,27,27,27,28,28.0,31.0,28.0,30.0,32.0,30.0,30.0,30.0,31.0,30.0,29.0,29.0,29.0,28.0,27.0,27.0,29.0,30.0,29.0,31.0,26.0,26.0,27.0,27.0,23.0,20.0,20.0,17.0,17.0,39,39,39,36,31.0,30.0,30.0,30.0,32.0,33.0,32.0,32.0,32.0,33.0,35.0,35.0,35.0,36.0,36.0,36.0,37.0,36.0,39.0,36.0,39.0,39.0,38.0,38.0,40.0,36.0,37.0,36.0,36.0,0,0,0,0,0.0,0.0,0.0,0.0,0.0,0.0,0.0,0.0,0.0,0.0,0.0,0.0,0.0,0.0,0.0,0.0,0.0,0.0,0.0,0.0,0.0,0.0,0.0,0.0,0.0,0.0,0.0,0.0,0.0,
summer,MOSCOW,b,Ashdod,26.9.24,6.0,,27,27,27,28,28.0,31.0,28.0,30.0,32.0,30.0,30.0,30.0,31.0,30.0,29.0,29.0,29.0,28.0,27.0,27.0,29.0,30.0,29.0,31.0,26.0,26.0,27.0,27.0,23.0,20.0,20.0,17.0,17.0,39,39,39,36,31.0,30.0,30.0,30.0,32.0,33.0,32.0,32.0,32.0,33.0,35.0,35.0,35.0,36.0,36.0,36.0,37.0,36.0,39.0,36.0,39.0,39.0,38.0,38.0,40.0,36.0,37.0,36.0,36.0,0,0,0,0,0.0,0.0,0.0,0.0,0.0,0.0,0.0,0.0,0.0,0.0,0.0,0.0,0.0,0.0,0.0,0.0,0.0,0.0,0.0,0.0,0.0,0.0,0.0,0.0,0.0,0.0,0.0,0.0,0.0,
summer,MOSCOW,c,Ashdod,26.9.24,6.0,,27,27,27,28,28.0,31.0,28.0,30.0,32.0,30.0,30.0,30.0,31.0,30.0,29.0,29.0,29.0,28.0,27.0,27.0,29.0,30.0,29.0,31.0,26.0,26.0,27.0,27.0,23.0,20.0,20.0,17.0,17.0,39,39,39,36,31.0,30.0,30.0,30.0,32.0,33.0,32.0,32.0,32.0,33.0,35.0,35.0,35.0,36.0,36.0,36.0,37.0,36.0,39.0,36.0,39.0,39.0,38.0,38.0,40.0,36.0,37.0,36.0,36.0,0,0,0,0,0.0,0.0,0.0,0.0,0.0,0.0,0.0,0.0,0.0,0.0,0.0,0.0,0.0,0.0,0.0,0.0,0.0,0.0,0.0,0.0,0.0,0.0,0.0,0.0,0.0,0.0,0.0,0.0,0.0,
summer,CHARLESTON,a,Ashdod,26.9.24,6.0,,27,27,27,28,31.0,31.0,31.0,30.0,31.0,31.0,31.0,30.0,30.0,30.0,28.0,29.0,29.0,28.0,28.0,29.0,29.0,29.0,29.0,29.0,28.0,29.0,27.0,29.0,27.0,29.0,31.0,32.0,,39,39,39,39,30.0,33.0,33.0,30.0,32.0,34.0,33.0,32.0,34.0,33.0,35.0,34.0,34.0,36.0,36.0,36.0,37.0,36.0,36.0,33.0,33.0,33.0,35.0,35.0,35.0,34.0,34.0,32.0,,0,0,0,0,0.0,0.0,0.0,0.0,0.0,0.0,0.0,0.0,0.0,0.0,0.0,0.0,0.0,0.0,0.0,0.0,0.0,0.0,0.0,0.0,0.0,0.0,0.0,0.0,0.0,0.0,0.0,1.0,,29.0
summer,CHARLESTON,b,Ashdod,26.9.24,6.0,,27,27,27,28,31.0,31.0,31.0,30.0,31.0,31.0,31.0,30.0,30.0,30.0,28.0,29.0,29.0,28.0,28.0,29.0,29.0,29.0,29.0,29.0,28.0,29.0,27.0,29.0,27.0,29.0,31.0,32.0,30.0,39,39,39,39,30.0,33.0,33.0,30.0,32.0,34.0,33.0,32.0,34.0,33.0,35.0,34.0,34.0,36.0,36.0,36.0,37.0,36.0,36.0,33.0,33.0,33.0,35.0,35.0,35.0,34.0,34.0,32.0,32.0,0,0,0,0,0.0,0.0,0.0,0.0,0.0,0.0,0.0,0.0,0.0,0.0,0.0,0.0,0.0,0.0,0.0,0.0,0.0,0.0,0.0,0.0,0.0,0.0,0.0,0.0,0.0,0.0,0.0,0.0,0.0,
summer,CHARLESTON,c,Ashdod,26.9.24,5.0,19.0,27,27,27,28,31.0,31.0,31.0,30.0,31.0,31.0,31.0,30.0,30.0,30.0,28.0,29.0,29.0,28.0,28.0,29.0,29.0,,,,,,,,,,,,,39,39,39,39,30.0,33.0,33.0,30.0,32.0,34.0,33.0,32.0,34.0,33.0,35.0,34.0,34.0,36.0,36.0,36.0,37.0,,,,,,,,,,,,,0,0,0,0,0.0,0.0,0.0,0.0,0.0,0.0,0.0,0.0,0.0,0.0,0.0,0.0,0.0,0.0,0.0,0.0,0.0,,,,,,,,,,,,,
summer,LEANNE,a,Ashdod,26.9.24,6.5,,27,27,27,28,28.0,28.0,31.0,,,,,,,,,,,,,,,,,,,,,,,,,,,39,39,39,39,33.0,35.0,8.0,,,,,,,,,,,,,,,,,,,,,,,,,,,0,0,0,0,0.0,0.0,1.0,,,,,,,,,,,,,,,,,,,,,,,,,,,4.0
summer,LEANNE,b,Ashdod,26.9.24,5.0,,27,27,27,28,28.0,28.0,31.0,,,,,,,,,,,,,,,,,,,,,,,,,,,39,39,39,39,33.0,35.0,8.0,,,,,,,,,,,,,,,,,,,,,,,,,,,0,0,0,0,0.0,0.0,1.0,,,,,,,,,,,,,,,,,,,,,,,,,,,4.0
summer,LEANNE,c,Ashdod,26.9.24,6.0,,27,27,27,28,28.0,28.0,31.0,,,,,,,,,,,,,,,,,,,,,,,,,,,39,39,39,39,33.0,35.0,8.0,,,,,,,,,,,,,,,,,,,,,,,,,,,0,0,0,0,0.0,0.0,1.0,,,,,,,,,,,,,,,,,,,,,,,,,,,4.0
summer,CONTROL,a,Ashdod,26.9.24,5.5,15.0,27,27,27,27,27.0,27.0,27.0,27.0,27.0,27.0,27.0,27.0,27.0,27.0,27.0,27.0,27.0,,,,,,,,,,,,,,,,,39,39,39,39,39.0,39.0,39.0,39.0,39.0,39.0,39.0,39.0,39.0,39.0,39.0,39.0,39.0,,,,,,,,,,,,,,,,,0,0,0,0,0.0,0.0,0.0,0.0,0.0,0.0,0.0,0.0,0.0,0.0,0.0,0.0,0.0,,,,,,,,,,,,,,,,,
summer,CONTROL,b,Ashdod,26.9.24,7.5,,27,27,27,27,27.0,27.0,27.0,27.0,27.0,27.0,27.0,27.0,27.0,27.0,27.0,27.0,27.0,27.0,27.0,27.0,27.0,27.0,27.0,27.0,27.0,27.0,27.0,27.0,27.0,27.0,27.0,27.0,27.0,39,39,39,39,39.0,39.0,39.0,39.0,39.0,39.0,39.0,39.0,39.0,39.0,39.0,39.0,39.0,39.0,39.0,39.0,39.0,39.0,39.0,39.0,39.0,39.0,39.0,39.0,39.0,39.0,39.0,39.0,39.0,0,0,0,0,0.0,0.0,0.0,0.0,0.0,0.0,0.0,0.0,0.0,0.0,0.0,0.0,0.0,0.0,0.0,0.0,0.0,0.0,0.0,0.0,0.0,0.0,0.0,0.0,0.0,0.0,0.0,0.0,0.0,
summer,CONTROL,c,Ashdod,26.9.24,7.0,20.0,27,27,27,27,27.0,27.0,27.0,27.0,27.0,27.0,27.0,27.0,27.0,27.0,27.0,27.0,27.0,27.0,27.0,27.0,27.0,27.0,,,,,,,,,,,,39,39,39,39,39.0,39.0,39.0,39.0,39.0,39.0,39.0,39.0,39.0,39.0,39.0,39.0,39.0,39.0,39.0,39.0,39.0,39.0,,,,,,,,,,,,0,0,0,0,0.0,0.0,0.0,0.0,0.0,0.0,0.0,0.0,0.0,0.0,0.0,0.0,0.0,0.0,0.0,0.0,0.0,0.0,,,,,,,,,,,,
summer,CONTROL,d,Ashdod,26.9.24,5.0,22.0,27,27,27,27,27.0,27.0,27.0,27.0,27.0,27.0,27.0,27.0,27.0,27.0,27.0,27.0,27.0,27.0,27.0,27.0,27.0,27.0,27.0,27.0,,,,,,,,,,39,39,39,39,39.0,39.0,39.0,39.0,39.0,39.0,39.0,39.0,39.0,39.0,39.0,39.0,39.0,39.0,39.0,39.0,39.0,39.0,39.0,39.0,,,,,,,,,,0,0,0,0,0.0,0.0,0.0,0.0,0.0,0.0,0.0,0.0,0.0,0.0,0.0,0.0,0.0,0.0,0.0,0.0,0.0,0.0,0.0,0.0,,,,,,,,,,
summer,CONTROL,e,Ashdod,26.9.24,5.0,,27,27,27,27,27.0,27.0,27.0,27.0,27.0,27.0,27.0,27.0,27.0,27.0,27.0,27.0,27.0,27.0,27.0,27.0,27.0,27.0,27.0,27.0,27.0,27.0,27.0,27.0,27.0,27.0,27.0,27.0,27.0,39,39,39,39,39.0,39.0,39.0,39.0,39.0,39.0,39.0,39.0,39.0,39.0,39.0,39.0,39.0,39.0,39.0,39.0,39.0,39.0,39.0,39.0,39.0,39.0,39.0,39.0,39.0,39.0,39.0,39.0,39.0,0,0,0,0,0.0,0.0,0.0,0.0,0.0,0.0,0.0,0.0,0.0,0.0,0.0,0.0,0.0,0.0,0.0,0.0,0.0,0.0,0.0,0.0,0.0,0.0,0.0,0.0,0.0,0.0,0.0,0.0,0.0,
