Ship,Port,Longitude,Latitude,Time,Relative time (hours),Temperature (celsius),Chlorophyll (mg/m^3),Salinity (ppt)
NYK ORPHEUS,LOS ANGELES,-118.22531,33.7372,05/01/2021 18:26,0,15.92,1.3133,33.48
NYK ORPHEUS,OAKLAND,-122.28937,37.79358,06/01/2021 17:23,22.95,12.57,4.181,4.17
NYK ORPHEUS,OAKLAND,-122.28937,37.79358,07/01/2021 00:00,29.56666667,12.57,4.181,4.17
NYK ORPHEUS,OAKLAND,-122.28937,37.79358,08/01/2021 18:32,72.1,12.57,4.181,4.17
NYK ORPHEUS,-,-129.4931301,39.50391086,09/01/2021 00:00,77.56666667,12.71,0.4747,32.48621
NYK ORPHEUS,-,-131.6114109,39.94092157,10/01/2021 00:00,101.5666667,12.86,0.2045,32.863884
NYK ORPHEUS,-,-136.0010317,40.84550143,11/01/2021 00:00,125.5666667,13,0.2193,32.55632
NYK ORPHEUS,-,-139.3509053,41.34103614,12/01/2021 00:00,149.5666667,12.42,0.1906,32.632984
NYK ORPHEUS,-,-144.1171791,41.97258029,13/01/2021 00:00,173.5666667,10.38,0.2614,32.502117
NYK ORPHEUS,-,-150.1345974,42.422382,14/01/2021 00:00,197.5666667,9.51,0.4272,32.645275
NYK ORPHEUS,-,-154.696968,42.520984,15/01/2021 00:00,221.5666667,9.22,0.3846,33.05247
NYK ORPHEUS,-,-159.7665694,42.48286314,16/01/2021 00:00,245.5666667,8.93,0.3342,32.960403
NYK ORPHEUS,-,-167.6033271,41.93981143,17/01/2021 00:00,269.5666667,9.36,0.2524,33.569244
NYK ORPHEUS,-,-176.9951571,40.55697143,18/01/2021 00:00,293.5666667,10.82,0.2118,33.932064
NYK ORPHEUS,-,-187.1426286,40.06097143,19/01/2021 00:00,317.5666667,12.71,0.3008,34.199112
NYK ORPHEUS,-,-201.4284571,40.03048571,20/01/2021 00:00,341.5666667,12.71,0.3008,34.199112
NYK ORPHEUS,-,-210.6386857,39.71858571,21/01/2021 00:00,365.5666667,12.71,0.2524,34.23018
NYK ORPHEUS,TOKYO,139.80903,35.62071,22/01/2021 07:01,396.5833333,11.69,6.5978,14.67
NYK ORPHEUS,TOKYO,139.80903,35.62071,23/01/2021 04:46,418.3333333,11.69,6.5978,14.67
NYK ORPHEUS,KOBE,135.29395,34.6675,24/01/2021 07:10,444.7333333,11.26,5.536,32.48
NYK ORPHEUS,KOBE,135.29395,34.6675,25/01/2021 02:01,463.5833333,11.26,5.536,32.48
NYK ORPHEUS,NAGOYA,136.84288,35.0272,26/01/2021 19:42,505.2666667,10.96,4.8111,32.36
NYK ORPHEUS,TOKYO,139.80903,35.62071,27/01/2021 12:20,521.9,11.69,6.5978,14.67
NYK ORPHEUS,TOKYO,139.80903,35.62071,28/01/2021 05:47,539.35,11.69,6.5978,14.67
NYK ORPHEUS,-,139.143894,33.80018386,29/01/2021 00:00,557.5666667,21.02,0.2193,34.561684
NYK ORPHEUS,-,136.2800576,29.90126029,30/01/2021 00:00,581.5666667,21.16,0.1777,34.75514
NYK ORPHEUS,-,131.418148,27.23620943,31/01/2021 00:00,605.5666667,23.35,0.144,34.699978
NYK ORPHEUS,-,124.9219171,21.77590057,01/02/2021 00:00,629.5666667,25.68,0.0945,34.79559
NYK ORPHEUS,-,120.8571429,19,02/02/2021 00:00,653.5666667,26.84,0.1544,34.13816
NYK ORPHEUS,-,112.3607267,10.30673457,03/02/2021 00:00,677.5666667,27.28,0.139,33.453037
MSC TINA,KORFEZ,29.74765,40.75568,02/01/2021 08:43,0,8.49,5.1608,27.88
MSC TINA,AMBARLI,28.67439,40.9597,03/01/2021 00:00,15.28333333,8.2,3.8976,27.8
MSC TINA,AMBARLI,28.67439,40.9597,04/01/2021 23:20,62.61666667,8.2,3.8976,27.8
MSC TINA,BARBAROS,27.47185,40.89835,05/01/2021 03:44,67.01666667,8.49,2.2231,29.12
MSC TINA,BARBAROS,27.47185,40.89835,06/01/2021 00:00,87.28333333,8.49,2.2231,29.12
MSC TINA,BARBAROS,27.47185,40.89835,07/01/2021 00:51,112.1333333,8.49,2.2231,29.12
MSC TINA,-,24.520041,37.90673,08/01/2021 00:00,135.2833333,14.31,0.3585,38.921352
MSC TINA,PIRAEUS,23.62904,37.94056,09/01/2021 18:35,177.8666667,14.46,0.4425,38.57
MSC TINA,PIRAEUS,23.62904,37.94056,10/01/2021 14:28,197.75,14.46,0.4425,38.57
MSC TINA,-,20.398251,37.883704,11/01/2021 00:00,207.2833333,16.21,0.2272,38.58463
MSC TINA,MARSAXLOKK,14.5469,35.8237,12/01/2021 03:15,234.5333333,15.33,0.3983,37.76
MSC TINA,MARSAXLOKK,14.5469,35.8237,13/01/2021 00:00,255.2833333,15.33,0.3983,37.76
MSC TINA,MARSAXLOKK,14.5469,35.8237,14/01/2021 00:59,280.2666667,15.33,0.3983,37.76
MSC TINA,-,24.5513695,33.725436,15/01/2021 00:00,303.2833333,16.06,0.1777,39.122715
MSC TINA,SUEZ CANAL,32.38447,30.34374,16/01/2021 05:56,333.2166667,16.21,3.7632,38.97
MSC TINA,-,33.75,27.9,17/01/2021 00:00,351.2833333,22.33,0.4425,39.149414
MSC TINA,KING ABDULLAH,39.08914,22.52306,18/01/2021 06:38,381.9166667,26.26,0.3227,39.31
MSC TINA,KING ABDULLAH,39.08914,22.52306,19/01/2021 14:53,414.1666667,26.26,0.3227,39.31
MSC TINA,-,42.65,13.85,20/01/2021 00:00,423.2833333,25.39,0.8619,36.77601
MSC TINA,-,45,12,21/01/2021 00:00,447.2833333,26.11,0.4747,36.11947
MSC TINA,-,56.6,18.1,22/01/2021 00:00,471.2833333,24.66,9.706,35.847435
MSC TINA,-,59,24,23/01/2021 00:00,495.2833333,24.51,7.3303,36.875595
MSC TINA,-,56.5815305,26.411056,24/01/2021 00:00,519.2833333,23.93,3.5082,35.686447
MSC TINA,KHALIFA,54.66774,24.80785,25/01/2021 04:11,547.4666667,22.47,1.5652,39.54
MSC TINA,JEBEL ALI,55.04112,25.02413,26/01/2021 03:19,570.6,22.76,3.0487,28.84
MSC TINA,JEBEL ALI,55.04112,25.02413,27/01/2021 07:05,598.3666667,22.76,3.0487,28.84
MSC TINA,-,57.3375,25.3125,28/01/2021 00:00,615.2833333,24.07,1.4591,37.162296
MSC TINA,-,62.907107,21.10128075,29/01/2021 00:00,639.2833333,24.95,1.679,36.387638
MSC TINA,-,66.41926075,17.29280138,30/01/2021 00:00,663.2833333,25.68,0.6068,36.661533
MSC TINA,-,69.4005765,14.2221485,31/01/2021 00:00,687.2833333,27.13,0.3846,36.626118
APL SINGAPURA,MARSAXLOKK,14.5469,35.8237,03/01/2021 14:41,0,15.33,0.3983,37.76
APL SINGAPURA,MARSAXLOKK,14.5469,35.8237,04/01/2021 00:00,9.316666667,15.33,0.3983,37.76
APL SINGAPURA,MARSAXLOKK,14.5469,35.8237,05/01/2021 03:30,36.81666667,15.33,0.3983,37.76
APL SINGAPURA,-,21.855128,34.44888733,06/01/2021 00:00,57.31666667,15.92,0.1906,39.019222
APL SINGAPURA,-,28.19195033,32.74860167,07/01/2021 00:00,81.31666667,17.52,0.1599,39.534264
APL SINGAPURA,SUEZ CANAL,32.38447,30.34374,08/01/2021 11:42,117.0166667,16.21,3.7632,38.97
APL SINGAPURA,-,33.75,27.9,09/01/2021 00:00,129.3166667,22.33,0.4425,39.149414
APL SINGAPURA,JEDDAH,39.14749,21.46219,10/01/2021 23:29,176.8,26.7,0.4425,39.31
APL SINGAPURA,JEDDAH,39.14749,21.46219,11/01/2021 22:06,199.4166667,26.7,0.4425,39.31
APL SINGAPURA,-,42.43333333,14.23333333,12/01/2021 00:00,201.3166667,25.39,0.8619,36.77601
APL SINGAPURA,-,44.48833333,12.21136667,13/01/2021 00:00,225.3166667,26.11,0.5462,33.91652
APL SINGAPURA,-,54.2,16.2,14/01/2021 00:00,249.3166667,25.68,0.4272,36.021
APL SINGAPURA,-,59.93333333,23.13333333,15/01/2021 00:00,273.3166667,24.8,4.6452,36.989388
APL SINGAPURA,-,56.875374,26.11474133,16/01/2021 00:00,297.3166667,23.78,8.4349,35.686447
APL SINGAPURA,JEBEL ALI,55.04112,25.02413,17/01/2021 00:01,321.3333333,22.76,3.0487,28.84
APL SINGAPURA,JEBEL ALI,55.04112,25.02413,18/01/2021 10:31,355.8333333,22.76,3.0487,28.84
APL SINGAPURA,-,57.05788263,25.615264,19/01/2021 00:00,369.3166667,23.93,3.7632,35.686447
APL SINGAPURA,-,61.881982,21.75533075,20/01/2021 00:00,393.3166667,24.66,2.7441,36.578144
APL SINGAPURA,-,65.7684265,18.23949413,21/01/2021 00:00,417.3166667,25.09,0.5462,36.586853
APL SINGAPURA,-,68.1869275,15.1472495,22/01/2021 00:00,441.3166667,26.7,0.5462,36.74235
APL SINGAPURA,-,72.8990625,11.5459375,23/01/2021 00:00,465.3166667,28.59,0.139,35.063232
APL SINGAPURA,-,80.55,5.825,24/01/2021 00:00,489.3166667,28.01,0.7491,32.978897
APL SINGAPURA,-,90.5,6.4956,25/01/2021 00:00,513.3166667,29.03,0.2118,34.068783
APL SINGAPURA,PORT KLANG,101.34625,2.99914,26/01/2021 01:33,538.8666667,31.65,3.7632,30.83
APL SINGAPURA,PORT KLANG,101.34625,2.99914,27/01/2021 00:00,561.3166667,31.65,3.7632,30.83
APL SINGAPURA,PORT KLANG,101.34625,2.99914,28/01/2021 07:33,592.8666667,31.65,3.7632,30.83
APL SINGAPURA,-,103.6882294,1.1241312,29/01/2021 00:00,609.3166667,29.46,2.0724,32.42598
APL SINGAPURA,-,107.87656,8.52728,30/01/2021 00:00,633.3166667,25.97,0.5092,33.311947
APL SINGAPURA,-,111.8813669,16.5503001,31/01/2021 00:00,657.3166667,25.68,0.1491,33.608677
APL SINGAPURA,-,112.8697,18.85654,01/02/2021 00:00,681.3166667,24.8,0.1251,34.197403
COSCO PISCES,YANGSHAN,122.13446,30.60723,02/01/2021 02:23,0,9.36,3.5082,30.66
COSCO PISCES,-,117.5515135,23.3826185,03/01/2021 00:00,21.61666667,17.08,1.7389,34.197853
COSCO PISCES,YANTIAN,114.26551,22.56608,04/01/2021 23:07,68.73333333,18.39,1.1413,33.03
COSCO PISCES,YANTIAN,114.26551,22.56608,05/01/2021 20:14,89.85,18.39,1.1413,33.03
COSCO PISCES,-,114.4246675,22.2960785,06/01/2021 00:00,93.61666667,18.54,1.4591,34.36565
COSCO PISCES,-,114.1,21.7,07/01/2021 00:00,117.6166667,18.98,0.8619,34.266567
COSCO PISCES,-,110.9554825,14.2891855,08/01/2021 00:00,141.6166667,26.7,0.1251,33.770084
COSCO PISCES,SINGAPORE,103.85457,1.2576,09/01/2021 03:47,169.4,29.03,2.0724,31.85
COSCO PISCES,SINGAPORE,103.85457,1.2576,10/01/2021 00:08,189.75,29.03,2.0724,31.85
COSCO PISCES,-,95.09090909,6.809090909,11/01/2021 00:00,213.6166667,28.74,0.2707,32.609177
COSCO PISCES,-,81.40909091,5.872727273,12/01/2021 00:00,237.6166667,27.43,0.9576,32.834583
COSCO PISCES,-,73.21098245,7.725527909,13/01/2021 00:00,261.6166667,28.3,0.2118,33.782528
COSCO PISCES,-,69.82090664,8.630394091,14/01/2021 00:00,285.6166667,28.59,0.1599,35.564014
COSCO PISCES,-,65.57501982,9.720543091,15/01/2021 00:00,309.6166667,27.57,0.139,36.54792
COSCO PISCES,-,62.46794527,10.48045182,16/01/2021 00:00,333.6166667,26.41,0.3846,36.689102
COSCO PISCES,-,56.71937273,11.79888182,17/01/2021 00:00,357.6166667,26.26,0.3585,36.078316
COSCO PISCES,-,44.86045455,12.05764545,18/01/2021 00:00,381.6166667,26.26,0.5274,35.04663
COSCO PISCES,-,41.41818182,15.94545455,19/01/2021 00:00,405.6166667,25.68,1.1821,37.30429
COSCO PISCES,-,34.22727273,27.32727273,20/01/2021 00:00,429.6166667,23.35,0.2804,39.772537
COSCO PISCES,SUEZ CANAL,32.38447,30.34374,21/01/2021 06:59,460.6,16.21,3.7632,38.97
COSCO PISCES,-,25.78911225,33.91322888,22/01/2021 00:00,477.6166667,17.23,0.1599,39.424133
COSCO PISCES,-,12.09432825,37.21339,23/01/2021 00:00,501.6166667,14.9,0.4125,37.4596
COSCO PISCES,-,-1.467174625,36.497358,24/01/2021 00:00,525.6166667,15.48,0.5092,36.81566
COSCO PISCES,-,-6.50983,36.13453,25/01/2021 00:00,549.6166667,16.65,0.3008,36.329365
COSCO PISCES,-,-9.1269225,43.71877425,26/01/2021 00:00,573.6166667,13.44,0.4583,35.582146
COSCO PISCES,-,-3.394323,49.3100845,27/01/2021 00:00,597.6166667,10.53,0.9246,35.098446
COSCO PISCES,-,-0.356505875,50.25844988,28/01/2021 00:00,621.6166667,10.53,1.1019,35.031162
COSCO PISCES,ZEEBRUGGE,3.20283,51.3433,29/01/2021 04:31,650.1333333,6.01,2.3025,33.36
COSCO PISCES,ZEEBRUGGE,3.20283,51.3433,30/01/2021 03:55,673.5333333,6.01,2.3025,33.36
COSCO PISCES,-,6.282378667,55.27675333,31/01/2021 00:00,693.6166667,7.61,4.485,33.791798
THALASSA ELPIDA,YANGSHAN,122.13446,30.60723,01/01/2020 01:54,0,9.36,3.5082,30.66
THALASSA ELPIDA,YANGSHAN,122.13446,30.60723,02/01/2020 02:04,24.16666667,9.36,3.5082,30.66
THALASSA ELPIDA,KAOHSIUNG,120.29446,22.56376,03/01/2020 11:25,57.51666667,25.53,0.3713,34.11
THALASSA ELPIDA,KAOHSIUNG,120.29446,22.56376,04/01/2020 13:31,83.61666667,25.53,0.3713,34.11
THALASSA ELPIDA,CHIWAN,113.88427,22.46012,05/01/2020 09:16,103.3666667,18.69,4.9829,32.82
THALASSA ELPIDA,CHIWAN,113.88427,22.46012,06/01/2020 07:07,125.2166667,18.69,4.9829,32.82
THALASSA ELPIDA,-,113.4165,20.1203,07/01/2020 00:00,142.1,23.49,0.2614,34.056282
THALASSA ELPIDA,-,110.6703217,13.59279033,08/01/2020 00:00,166.1,26.7,0.139,33.60788
THALASSA ELPIDA,SINGAPORE,103.85457,1.2576,09/01/2020 19:47,209.8833333,29.03,2.0724,31.85
THALASSA ELPIDA,SINGAPORE,103.85457,1.2576,10/01/2020 09:34,223.6666667,29.03,2.0724,31.85
THALASSA ELPIDA,-,96,6.9,11/01/2020 00:00,238.1,29.03,0.2437,32.360096
THALASSA ELPIDA,-,83.2493,5.999433333,12/01/2020 00:00,262.1,27.72,1.932,34.845375
THALASSA ELPIDA,COLOMBO,79.83694,6.95639,13/01/2020 11:48,297.9,28.01,2.1464,33.71
THALASSA ELPIDA,COLOMBO,79.83694,6.95639,14/01/2020 01:10,311.2666667,28.01,2.1464,33.71
THALASSA ELPIDA,-,70.82149025,8.364066125,15/01/2020 00:00,334.1,28.44,0.1657,35.133244
THALASSA ELPIDA,-,68.97652125,8.85152875,16/01/2020 00:00,358.1,28.59,0.144,35.526806
THALASSA ELPIDA,-,64.45160388,9.995301125,17/01/2020 00:00,382.1,27.28,0.2353,36.723404
THALASSA ELPIDA,-,59.1445525,11.2575775,18/01/2020 00:00,406.1,26.41,0.3983,36.346817
THALASSA ELPIDA,-,48.75,12.625,19/01/2020 00:00,430.1,25.53,0.6068,36.03491
THALASSA ELPIDA,-,41.8,15.325,20/01/2020 00:00,454.1,25.24,3.7632,34.214603
THALASSA ELPIDA,-,34.40625,27.1125,21/01/2020 00:00,478.1,23.35,0.2904,39.772537
THALASSA ELPIDA,SUEZ CANAL,32.38447,30.34374,22/01/2020 08:07,510.2166667,16.21,3.7632,38.97
THALASSA ELPIDA,SUEZ CANAL,32.38447,30.34374,23/01/2020 08:10,534.2772222,16.21,3.7632,38.97
THALASSA ELPIDA,-,25.34070675,34.05579525,24/01/2020 00:00,550.1,16.94,0.139,39.37346
THALASSA ELPIDA,-,11.9570685,37.2493395,25/01/2020 00:00,574.1,14.9,0.4272,37.4596
THALASSA ELPIDA,-,-2.5042045,36.337815,26/01/2020 00:00,598.1,15.33,1.1019,36.91224
THALASSA ELPIDA,-,-9.25,36.8,27/01/2020 00:00,622.1,16.65,0.3342,36.280636
THALASSA ELPIDA,-,-7.64096225,46.0866145,28/01/2020 00:00,646.1,12.42,0.2707,35.6036
THALASSA ELPIDA,-,-1.7996965,49.797319,29/01/2020 00:00,670.1,10.09,1.268,34.58119
THALASSA ELPIDA,-,1.4060245,50.836774,30/01/2020 00:00,694.1,8.63,2.1464,34.53908
MSC VENICE,SUEZ CANAL,32.38447,30.34374,01/01/2020 08:56,0,16.21,3.7632,38.97
MSC VENICE,SUEZ CANAL,32.38447,30.34374,02/01/2020 19:03,34.11666667,16.21,3.7632,38.97
MSC VENICE,-,31.6997988,32.0675318,03/01/2020 00:00,39.06666667,17.96,0.1657,39.15717
MSC VENICE,-,29.6382928,33.9607518,04/01/2020 00:00,63.06666667,16.79,0.184,39.41595
MSC VENICE,-,28.2507642,35.2350123,05/01/2020 00:00,87.06666667,15.04,0.2193,39.398438
MSC VENICE,-,27.0248762,36.5082252,06/01/2020 00:00,111.0666667,17.81,0.2118,39.288647
MSC VENICE,-,26.473059,37.5527395,07/01/2020 00:00,135.0666667,17.23,0.2272,38.921352
MSC VENICE,-,25.8954968,38.6491866,08/01/2020 00:00,159.0666667,15.92,0.2437,38.372967
MSC VENICE,-,25.7118425,39.0088352,09/01/2020 00:00,183.0666667,15.48,0.2614,38.372967
MSC VENICE,-,25.8251582,39.2371838,10/01/2020 00:00,207.0666667,15.48,0.2804,38.372967
MSC VENICE,-,26.1297808,39.9303557,11/01/2020 00:00,231.0666667,13.59,0.5657,38.372967
MSC VENICE,BARBAROS,27.47185,40.89835,12/01/2020 13:01,268.0972222,8.49,2.2231,29.12
MSC VENICE,BARBAROS,27.47185,40.89835,13/01/2020 00:00,279.0666667,8.49,2.2231,29.12
MSC VENICE,BARBAROS,27.47185,40.89835,14/01/2020 04:32,307.6,8.49,2.2231,29.12
MSC VENICE,PIRAEUS,23.62904,37.94056,15/01/2020 00:00,327.0666667,14.46,0.4425,38.57
MSC VENICE,PIRAEUS,23.62904,37.94056,16/01/2020 08:58,360.0333333,14.46,0.4425,38.57
MSC VENICE,-,26.724603,36.184552,17/01/2020 00:00,375.0666667,17.23,0.2118,39.288647
MSC VENICE,SUEZ CANAL,32.38447,30.34374,18/01/2020 06:25,405.4833333,16.21,3.7632,38.97
MSC VENICE,-,33.75,27.9,19/01/2020 00:00,423.0666667,22.33,0.4425,39.149414
MSC VENICE,KING ABDULLAH,39.08914,22.52306,20/01/2020 00:32,447.6,26.26,0.3227,39.31
MSC VENICE,-,42,15,21/01/2020 00:00,471.0666667,25.24,0.8927,36.499226
MSC VENICE,-,43.465,12.6341,22/01/2020 00:00,495.0666667,25.68,0.8927,33.808025
MSC VENICE,-,49.5581,14.1436,23/01/2020 00:00,519.0666667,25.68,0.4425,35.670403
MSC VENICE,-,59,20,24/01/2020 00:00,543.0666667,24.95,2.8421,36.50636
MSC VENICE,-,59,24,25/01/2020 00:00,567.0666667,24.51,7.3303,36.875595
MSC VENICE,-,56.763061,26.422112,26/01/2020 00:00,591.0666667,23.93,3.8976,35.686447
MSC VENICE,JEBEL ALI,55.04112,25.02413,27/01/2020 08:40,623.7333333,22.76,3.0487,28.84
MSC VENICE,JEBEL ALI,55.04112,25.02413,28/01/2020 16:46,655.8333333,22.76,3.0487,28.84
MSC VENICE,-,57.02512467,25.70491378,29/01/2020 00:00,663.0666667,23.93,1.8653,35.686447
MSC VENICE,-,61.49776444,22.000245,30/01/2020 00:00,687.0666667,24.66,4.9829,36.473423
EVER GLORY,YANGSHAN,122.13446,30.60723,06/01/2020 22:44,0,9.36,3.5082,30.66
EVER GLORY,YANGSHAN,122.13446,30.60723,07/01/2020 14:59,16.25,9.36,3.5082,30.66
EVER GLORY,-,122.654114,29.69927233,08/01/2020 00:00,25.26666667,13,2.7441,34.363785
EVER GLORY,-,120.4333333,26.4,09/01/2020 00:00,49.26666667,13.15,3.3872,34.005123
EVER GLORY,TAIPEI,121.38131,25.15107,10/01/2020 13:13,86.48333333,18.1,1.8653,34.21
EVER GLORY,TAIPEI,121.38131,25.15107,11/01/2020 14:20,111.6,18.1,1.8653,34.21
EVER GLORY,YANTIAN,114.26551,22.56608,12/01/2020 19:39,140.9166667,18.39,1.1413,33.03
EVER GLORY,YANTIAN,114.26551,22.56608,13/01/2020 20:56,166.2,18.39,1.1413,33.03
EVER GLORY,-,114.4246675,22.2960785,14/01/2020 00:00,169.2666667,18.54,1.4591,34.36565
EVER GLORY,-,114.1,21.7,15/01/2020 00:00,193.2666667,18.98,0.8619,34.266567
EVER GLORY,-,110.9554825,14.2891855,16/01/2020 00:00,217.2666667,26.7,0.1251,33.770084
EVER GLORY,TANJUNG PELEPAS,103.54383,1.34848,17/01/2020 09:05,250.35,29.9,2.7441,31.85
EVER GLORY,TANJUNG PELEPAS,103.54383,1.34848,18/01/2020 00:23,265.65,29.9,2.7441,31.85
EVER GLORY,-,94,6.7,19/01/2020 00:00,289.2666667,28.88,0.1716,32.591793
EVER GLORY,-,80.1,5.8,20/01/2020 00:00,313.2666667,28.59,0.9576,32.184586
EVER GLORY,-,70.84994,8.356493,21/01/2020 00:00,337.2666667,28.44,0.1657,35.133244
EVER GLORY,-,69.3291,8.7613,22/01/2020 00:00,361.2666667,28.74,0.139,35.427544
EVER GLORY,-,64.698862,9.934828,23/01/2020 00:00,385.2666667,27.28,0.2524,36.7227
EVER GLORY,-,59.894005,11.083455,24/01/2020 00:00,409.2666667,26.41,0.4425,36.38246
EVER GLORY,-,51,13,25/01/2020 00:00,433.2666667,25.68,0.4583,36.15727
EVER GLORY,-,42,15,26/01/2020 00:00,457.2666667,25.24,0.8927,36.499226
EVER GLORY,-,34.5,27,27/01/2020 00:00,481.2666667,23.2,0.3115,39.772537
EVER GLORY,SUEZ CANAL,32.38447,30.34374,28/01/2020 08:10,513.4333333,16.21,3.7632,38.97
EVER GLORY,SUEZ CANAL,32.38447,30.34374,29/01/2020 16:40,545.9377778,16.21,3.7632,38.97
EVER GLORY,-,24.10095086,34.44996343,30/01/2020 00:00,553.2666667,15.63,0.1777,39.091724
EVER GLORY,-,11.024605,37.49355586,31/01/2020 00:00,577.2666667,15.04,0.5462,37.567093
EVER GLORY,-,-3.973602143,36.11175357,01/02/2020 00:00,601.2666667,15.19,1.1019,36.12644
EVER GLORY,-,-9.245213571,43.49087357,02/02/2020 00:00,625.2666667,13.3,0.3983,35.593536
EVER GLORY,-,-3.873431571,49.16369386,03/02/2020 00:00,649.2666667,10.82,0.6983,35.63229
EVER GLORY,-,0.077349,50.40028686,04/02/2020 00:00,673.2666667,9.36,1.2243,34.448593
MP THE BRADY,XIAMEN,118.06454,24.46537,25/01/2020 04:58,0,16.65,3.3872,34
MP THE BRADY,-,117.3939382,23.27329893,26/01/2020 00:00,19.03333333,17.08,1.932,34.197853
MP THE BRADY,-,116.1714286,22.62857143,27/01/2020 00:00,43.03333333,17.23,2.3847,34.317455
MP THE BRADY,-,114.3071429,21.79285714,28/01/2020 00:00,67.03333333,20.43,0.6742,34.374382
MP THE BRADY,-,112.9282857,18.99194286,29/01/2020 00:00,91.03333333,24.51,0.2045,34.06161
MP THE BRADY,-,112.0486724,16.95887886,30/01/2020 00:00,115.0333333,25.68,0.1342,33.93828
MP THE BRADY,-,112.0461897,16.95281543,31/01/2020 00:00,139.0333333,25.68,0.1342,33.93828
MP THE BRADY,-,111.9283015,16.6649195,01/02/2020 00:00,163.0333333,26.11,0.1296,33.668015
MP THE BRADY,-,111.5665414,15.78146086,02/02/2020 00:00,187.0333333,26.11,0.1208,33.76176
MP THE BRADY,-,110.4666354,13.09536521,03/02/2020 00:00,211.0333333,26.7,0.1599,33.74786
MP THE BRADY,-,108.9088714,10.23247143,04/02/2020 00:00,235.0333333,26.84,0.2045,33.452568
MP THE BRADY,-,107.1179567,7.161400857,05/02/2020 00:00,259.0333333,26.84,0.1296,33.649055
MP THE BRADY,-,105.2932671,3.132108571,06/02/2020 00:00,283.0333333,28.15,0.1087,33.228664
MP THE BRADY,-,104.167189,1.255129143,07/02/2020 00:00,307.0333333,29.03,1.0273,33.00993
MP THE BRADY,TANJUNG PELEPAS,103.54383,1.34848,08/02/2020 04:47,335.8166667,29.9,1.8653,31.85
MP THE BRADY,SINGAPORE,103.85457,1.2576,09/02/2020 22:36,377.6333333,27.86,1.4591,31.85
MP THE BRADY,-,98.8,5.1,10/02/2020 00:00,379.0333333,30.19,0.5657,31.723974
MP THE BRADY,-,90,6.4664,11/02/2020 00:00,403.0333333,29.03,0.1491,33.439827
MP THE BRADY,-,81,5.85,12/02/2020 00:00,427.0333333,28.3,0.2904,33.930367
MP THE BRADY,COLOMBO,79.83694,6.95639,13/02/2020 14:56,465.9666667,29.03,0.8927,33.71
MP THE BRADY,COLOMBO,79.83694,6.95639,14/02/2020 17:05,492.1166667,29.03,0.8927,33.71
MP THE BRADY,-,70.84587575,8.357574875,15/02/2020 00:00,499.0333333,28.74,0.1544,34.25303
MP THE BRADY,-,69.58607475,8.6929,16/02/2020 00:00,523.0333333,28.44,0.1491,34.597675
MP THE BRADY,-,65.43755338,9.754163875,17/02/2020 00:00,547.0333333,27.43,0.1491,35.760105
MP THE BRADY,-,63.1816745,10.3058925,18/02/2020 00:00,571.0333333,26.99,0.1599,35.78261
MP THE BRADY,-,58.95718938,11.30110813,19/02/2020 00:00,595.0333333,26.11,0.4747,36.21011
MP THE BRADY,-,51.51475525,12.8944395,20/02/2020 00:00,619.0333333,25.97,0.4272,36.239117
MP THE BRADY,-,43.320625,12.6917625,21/02/2020 00:00,643.0333333,25.68,1.4088,35.292618
MP THE BRADY,KING ABDULLAH,39.08914,22.52306,22/02/2020 10:09,677.1833333,25.97,0.3846,39.31
MP THE BRADY,KING ABDULLAH,39.08914,22.52306,23/02/2020 00:36,691.6333333,25.97,0.3846,39.31
MSC MAYA,SINGAPORE,103.85457,1.2576,05/01/2021 04:09,0,29.03,2.0724,31.85
MSC MAYA,SINGAPORE,103.85457,1.2576,06/01/2021 16:42,36.55,29.03,2.0724,31.85
MSC MAYA,-,95.8,6.88,07/01/2021 00:00,43.85,29.03,0.1906,32.572033
MSC MAYA,-,82.70958,5.95966,08/01/2021 00:00,67.85,27.72,0.2045,34.22114
MSC MAYA,-,75.3605256,7.1337256,09/01/2021 00:00,91.85,28.44,0.1777,33.530186
MSC MAYA,-,70.3269194,8.4957074,10/01/2021 00:00,115.85,28.59,0.1599,35.298615
MSC MAYA,-,68.858995,8.881605,11/01/2021 00:00,139.85,28.59,0.144,35.563454
MSC MAYA,-,64.5406168,9.9735308,12/01/2021 00:00,163.85,27.28,0.2272,36.723404
MSC MAYA,-,60.0803506,11.0401608,13/01/2021 00:00,187.85,26.41,0.3983,36.49793
MSC MAYA,-,52.6472168,12.6622064,14/01/2021 00:00,211.85,25.82,0.5274,36.076775
MSC MAYA,-,43.366,12.67364,15/01/2021 00:00,235.85,25.82,0.8035,33.808025
MSC MAYA,KING ABDULLAH,39.08914,22.52306,16/01/2021 21:00,280.85,26.26,0.3227,39.31
MSC MAYA,KING ABDULLAH,39.08914,22.52306,17/01/2021 10:12,294.05,26.26,0.3227,39.31
MSC MAYA,-,33.75,27.9,18/01/2021 00:00,307.85,22.33,0.4425,39.149414
MSC MAYA,SUEZ CANAL,32.38447,30.34374,19/01/2021 06:51,338.7,16.21,3.7632,38.97
MSC MAYA,SUEZ CANAL,32.38447,30.34374,20/01/2021 20:23,376.2333333,16.21,3.7632,38.97
MSC MAYA,-,26.724603,36.184552,21/01/2021 00:00,379.85,17.23,0.2118,39.288647
MSC MAYA,PIRAEUS,23.62904,37.94056,22/01/2021 07:35,411.4333333,14.46,0.4425,38.57
MSC MAYA,PIRAEUS,23.62904,37.94056,23/01/2021 08:29,436.3333333,14.46,0.4425,38.57
MSC MAYA,-,25.418971,39.2765275,24/01/2021 00:00,451.85,15.04,0.2353,38.372967
MSC MAYA,KORFEZ,29.74765,40.75568,25/01/2021 09:52,485.7166667,8.49,5.1608,27.88
MSC MAYA,KORFEZ,29.74765,40.75568,26/01/2021 00:00,499.85,8.49,5.1608,27.88
MSC MAYA,KORFEZ,29.74765,40.75568,27/01/2021 08:09,532,8.49,5.1608,27.88
MSC MAYA,AMBARLI,28.67439,40.9597,28/01/2021 00:00,547.85,8.2,3.8976,27.8
MSC MAYA,AMBARLI,28.67439,40.9597,29/01/2021 19:16,591.1166667,8.2,3.8976,27.8
MSC MAYA,-,28.501542,40.82216,30/01/2021 00:00,595.85,8.2,2.9436,18.095314
MSC MAYA,-,28.449481,40.805825,31/01/2021 00:00,619.85,8.2,3.0487,18.095314
MSC MAYA,BARBAROS,27.47185,40.89835,01/02/2021 16:12,660.05,9.07,9.0482,29.12
MSC MAYA,BARBAROS,27.47185,40.89835,02/02/2021 00:00,667.85,9.07,9.0482,29.12
MSC MAYA,BARBAROS,27.47185,40.89835,03/02/2021 00:00,691.85,9.07,9.0482,29.12
E R TOKYO,LA SPEZIA,9.84815,44.0874,02/01/2021 09:21,0,11.55,0.4125,37.93
E R TOKYO,GIOIA TAURO,15.9006,38.4454,03/01/2021 12:02,26.68333333,14.61,0.4272,38.02
E R TOKYO,GIOIA TAURO,15.9006,38.4454,04/01/2021 00:00,38.65,14.61,0.4272,38.02
E R TOKYO,GIOIA TAURO,15.9006,38.4454,05/01/2021 07:43,70.36666667,14.61,0.4272,38.02
E R TOKYO,MARSAXLOKK,14.5469,35.8237,06/01/2021 02:47,89.43333333,15.33,0.3983,37.76
E R TOKYO,-,21.855128,34.44888733,07/01/2021 00:00,110.65,15.92,0.1906,39.019222
E R TOKYO,-,28.19195033,32.74860167,08/01/2021 00:00,134.65,17.52,0.1599,39.534264
E R TOKYO,SUEZ CANAL,32.38447,30.34374,09/01/2021 06:43,165.3666667,16.21,3.7632,38.97
E R TOKYO,-,33.62222222,28.1,10/01/2021 00:00,182.65,21.16,0.3585,39.133152
E R TOKYO,-,38.47777778,21.38333333,11/01/2021 00:00,206.65,26.55,0.184,39.200485
E R TOKYO,-,41.18823333,16.3242,12/01/2021 00:00,230.65,25.82,0.8927,37.550373
E R TOKYO,-,43.39166667,12.66338889,13/01/2021 00:00,254.65,25.82,0.8035,33.808025
E R TOKYO,-,51.57777778,12.37777778,14/01/2021 00:00,278.65,25.97,0.4425,35.735924
E R TOKYO,-,53.24561767,1.300623,15/01/2021 00:00,302.65,26.84,0.3008,35.40388
E R TOKYO,-,53.84330344,-5.209192556,16/01/2021 00:00,326.65,29.76,0.1087,35.141567
E R TOKYO,-,54.70631889,-14.60889022,17/01/2021 00:00,350.65,29.03,0.0437,34.847965
E R TOKYO,REUNION,55.29984,-20.92624,18/01/2021 07:26,382.0833333,28.88,0.0578,35.16
E R TOKYO,REUNION,55.29984,-20.92624,19/01/2021 16:38,415.2833333,28.88,0.0578,35.16
E R TOKYO,-,56.590759,-20.2423095,20/01/2021 00:00,422.65,29.03,0.0452,35.13946
E R TOKYO,PORT LOUIS,57.48244,-20.14076,21/01/2021 14:21,461,28.74,0.052,35.14
E R TOKYO,PORT LOUIS,57.48244,-20.14076,22/01/2021 09:16,479.9166667,28.74,0.052,35.14
E R TOKYO,-,63.07896364,-24.69407273,23/01/2021 00:00,494.65,27.43,0.052,35.333805
E R TOKYO,-,66.58464036,-27.407408,24/01/2021 00:00,518.65,27.43,0.0539,35.260365
E R TOKYO,-,74.74874073,-35.15383309,25/01/2021 00:00,542.65,21.02,0.0422,35.513165
E R TOKYO,-,79.58497836,-39.61699391,26/01/2021 00:00,566.65,15.77,0.3585,35.120018
E R TOKYO,-,93.18156364,-40.06796364,27/01/2021 00:00,590.65,14.02,0.139,34.93264
E R TOKYO,-,106.8179273,-40.06796364,28/01/2021 00:00,614.65,13.3,0.105,34.71101
E R TOKYO,-,120.4545091,-40.00970909,29/01/2021 00:00,638.65,15.48,0.2193,34.81805
E R TOKYO,-,134.5414,-39.57364545,30/01/2021 00:00,662.65,17.52,0.4583,35.133385
E R TOKYO,-,143.3909091,-38.95454545,31/01/2021 00:00,686.65,18.25,0.1974,35.64593
MSC ANNA,SUEZ CANAL,32.38447,30.34374,08/01/2020 07:58,0,16.21,3.7632,38.97
MSC ANNA,SUEZ CANAL,32.38447,30.34374,09/01/2020 00:00,16.03333333,16.21,3.7632,38.97
MSC ANNA,SUEZ CANAL,32.38447,30.34374,10/01/2020 12:13,52.25805556,16.21,3.7632,38.97
MSC ANNA,-,28.311447,33.07975157,11/01/2020 00:00,64.03333333,17.23,0.1599,39.516342
MSC ANNA,-,23.55047543,34.62498171,12/01/2020 00:00,88.03333333,15.63,0.1974,39.218697
MSC ANNA,-,12.60486186,37.079679,13/01/2020 00:00,112.0333333,14.9,0.4916,37.366516
MSC ANNA,-,10.73098271,37.49532214,14/01/2020 00:00,136.0333333,15.19,0.4583,37.416008
MSC ANNA,-,-1.801648,36.44590043,15/01/2020 00:00,160.0333333,15.33,0.5092,36.956005
MSC ANNA,-,-4.781340429,35.99612714,16/01/2020 00:00,184.0333333,15.77,0.6068,36.500927
MSC ANNA,-,-9.25,36.8,17/01/2020 00:00,208.0333333,16.65,0.3342,36.280636
MSC ANNA,-,-9.142734143,43.68831157,18/01/2020 00:00,232.0333333,13.44,0.4272,35.582146
MSC ANNA,-,-5.842533429,48.287662,19/01/2020 00:00,256.0333333,11.55,0.2437,35.66965
MSC ANNA,-,-2.736955571,49.51094186,20/01/2020 00:00,280.0333333,10.53,0.8322,35.13094
MSC ANNA,-,-1.030659571,50.03805386,21/01/2020 00:00,304.0333333,10.67,1.4088,35.022583
MSC ANNA,-,1.22421,50.77522214,22/01/2020 00:00,328.0333333,8.78,2.3025,34.53908
MSC ANNA,-,2.505742,51.22484343,23/01/2020 00:00,352.0333333,6.74,2.3025,34.64861
MSC ANNA,ANTWERP,4.34107,51.2594,24/01/2020 11:44,387.7666667,5.87,2.3025,0
MSC ANNA,ANTWERP,4.34107,51.2594,25/01/2020 00:00,400.0333333,5.87,2.3025,0
MSC ANNA,ANTWERP,4.34107,51.2594,26/01/2020 19:37,443.65,5.87,2.3025,0
MSC ANNA,MAASVLAKTE - ROTTERDAM,4.06921,51.96188,27/01/2020 18:50,466.8666667,5.87,2.3025,31.75
MSC ANNA,MAASVLAKTE - ROTTERDAM,4.06921,51.96188,28/01/2020 00:00,472.0333333,5.87,2.3025,31.75
MSC ANNA,MAASVLAKTE - ROTTERDAM,4.06921,51.96188,29/01/2020 05:47,501.8166667,5.87,2.3025,31.75
MSC ANNA,-,-0.629679,50.16914367,30/01/2020 00:00,520.0333333,10.38,1.4088,34.86179
MSC ANNA,-,-8.135249333,45.42412333,31/01/2020 00:00,544.0333333,12.71,0.2118,35.633614
MSC ANNA,TANGER MED,-5.51949,35.88087,01/02/2020 12:02,580.0666667,15.63,0.4125,36.39
MSC ANNA,ALGECIRAS,-5.42208,36.1363,02/02/2020 03:11,595.2166667,14.61,0.6068,36.43
MSC ANNA,ALGECIRAS,-5.42208,36.1363,03/02/2020 01:41,617.7166667,14.61,0.6068,36.43
MSC ANNA,-,-1.9966318,36.4159028,04/02/2020 00:00,640.0333333,15.19,0.4747,36.86529
MSC ANNA,-,11.137788,37.4639128,05/02/2020 00:00,664.0333333,14.61,0.4125,37.235043
MSC ANNA,-,16.9616872,36.0386284,06/02/2020 00:00,688.0333333,14.9,0.184,38.35891
MSC INGY,NANSHA,113.6759,22.67292,08/01/2020 08:30,0,18.25,5.1608,8.46
MSC INGY,YANTIAN,114.26551,22.56608,09/01/2020 06:40,22.16666667,18.39,1.1413,33.03
MSC INGY,-,114.4246675,22.2960785,10/01/2020 00:00,39.5,18.54,1.4591,34.36565
MSC INGY,-,114.1,21.7,11/01/2020 00:00,63.5,18.98,0.8619,34.266567
MSC INGY,-,110.9554825,14.2891855,12/01/2020 00:00,87.5,26.7,0.1251,33.770084
MSC INGY,SINGAPORE,103.85457,1.2576,13/01/2020 09:42,121.2,29.03,2.0724,31.85
MSC INGY,SINGAPORE,103.85457,1.2576,14/01/2020 11:31,147.0166667,29.03,2.0724,31.85
MSC INGY,-,94.1875,6.71875,15/01/2020 00:00,159.5,28.88,0.1544,32.591793
MSC INGY,-,80.325,5.8125,16/01/2020 00:00,183.5,28.15,1.3133,32.978897
MSC INGY,-,71.24096375,8.252413063,17/01/2020 00:00,207.5,28.44,0.1657,34.86864
MSC INGY,-,69.41475825,8.7385,18/01/2020 00:00,231.5,28.59,0.1491,35.427544
MSC INGY,-,64.79072044,9.912362063,19/01/2020 00:00,255.5,27.28,0.2707,36.7227
MSC INGY,-,60.243403,11.00227838,20/01/2020 00:00,279.5,26.26,0.4747,36.50155
MSC INGY,-,51.90082169,12.81526913,21/01/2020 00:00,303.5,25.68,0.4916,36.01967
MSC INGY,-,42.65,13.85,22/01/2020 00:00,327.5,25.39,0.8619,36.77601
MSC INGY,-,35.90625,25.0875,23/01/2020 00:00,351.5,23.93,0.2353,39.772537
MSC INGY,-,32.49206512,30.25312338,24/01/2020 00:00,375.5,16.79,3.7632,39.099747
MSC INGY,-,31.57136781,31.89252219,25/01/2020 00:00,399.5,18.1,0.2904,39.146442
MSC INGY,-,27.8531065,33.24667375,26/01/2020 00:00,423.5,17.37,0.1657,39.5195
MSC INGY,-,24.5654145,34.30229175,27/01/2020 00:00,447.5,16.35,0.1906,39.145428
MSC INGY,-,19.10226288,36.39203338,28/01/2020 00:00,471.5,14.9,0.2045,39.017593
MSC INGY,-,15.57098713,37.85632313,29/01/2020 00:00,495.5,14.9,0.3461,38.226665
MSC INGY,GIOIA TAURO,15.9006,38.4454,30/01/2020 09:56,529.4333333,14.61,0.4272,38.02
MSC INGY,GIOIA TAURO,15.9006,38.4454,31/01/2020 00:00,543.5,14.02,0.3585,38.02
MSC INGY,GIOIA TAURO,15.9006,38.4454,01/02/2020 03:49,571.3166667,14.02,0.3585,38.02
MSC INGY,BARCELONA,2.17599,41.3459,02/02/2020 16:49,608.3166667,13.3,0.8927,37.85
MSC INGY,BARCELONA,2.17599,41.3459,03/02/2020 00:00,615.5,13.3,0.8927,37.85
MSC INGY,BARCELONA,2.17599,41.3459,04/02/2020 05:30,645,13.3,0.8927,37.85
MSC INGY,VALENCIA,-0.30805,39.438,05/02/2020 00:00,663.5,14.17,0.8619,37.59
MSC INGY,VALENCIA,-0.30805,39.438,06/02/2020 05:39,693.15,14.17,0.8619,37.59
MOSCOW MAERSK,YANTIAN,114.26551,22.56608,04/01/2021 16:18,0,18.39,1.1413,33.03
MOSCOW MAERSK,YANTIAN,114.26551,22.56608,05/01/2021 12:30,20.2,18.39,1.1413,33.03
MOSCOW MAERSK,-,114.443665,22.39705667,06/01/2021 00:00,31.7,18.39,1.268,34.36565
MOSCOW MAERSK,-,114.424896,22.131417,07/01/2021 00:00,55.7,18.69,1.8653,34.36565
MOSCOW MAERSK,-,114.1,21.7,08/01/2021 00:00,79.7,18.98,0.8619,34.266567
MOSCOW MAERSK,-,111.9674137,16.76043567,09/01/2021 00:00,103.7,25.53,0.1342,33.788837
MOSCOW MAERSK,-,108.2471333,9.1394,10/01/2021 00:00,127.7,25.97,0.5657,33.57384
MOSCOW MAERSK,SINGAPORE,103.85457,1.2576,11/01/2021 11:21,163.05,29.03,2.0724,31.85
MOSCOW MAERSK,SINGAPORE,103.85457,1.2576,12/01/2021 01:08,176.8333333,29.03,2.0724,31.85
MOSCOW MAERSK,TANJUNG PELEPAS,103.54383,1.34848,13/01/2021 15:14,214.9333333,29.9,2.7441,31.85
MOSCOW MAERSK,-,95.09090909,6.809090909,14/01/2021 00:00,223.7,28.74,0.2707,32.609177
MOSCOW MAERSK,-,81.40909091,5.872727273,15/01/2021 00:00,247.7,27.43,0.9576,32.834583
MOSCOW MAERSK,-,73.21098245,7.725527909,16/01/2021 00:00,271.7,28.3,0.2118,33.782528
MOSCOW MAERSK,-,69.82090664,8.630394091,17/01/2021 00:00,295.7,28.59,0.1599,35.564014
MOSCOW MAERSK,-,65.57501982,9.720543091,18/01/2021 00:00,319.7,27.57,0.139,36.54792
MOSCOW MAERSK,-,62.46794527,10.48045182,19/01/2021 00:00,343.7,26.41,0.3846,36.689102
MOSCOW MAERSK,-,56.71937273,11.79888182,20/01/2021 00:00,367.7,26.26,0.3585,36.078316
MOSCOW MAERSK,-,44.86045455,12.05764545,21/01/2021 00:00,391.7,26.26,0.5274,35.04663
MOSCOW MAERSK,-,41.41818182,15.94545455,22/01/2021 00:00,415.7,25.68,1.1821,37.30429
MOSCOW MAERSK,-,34.22727273,27.32727273,23/01/2021 00:00,439.7,23.35,0.2804,39.772537
MOSCOW MAERSK,SUEZ CANAL,32.38447,30.34374,24/01/2021 07:23,471.0833333,16.21,3.7632,38.97
MOSCOW MAERSK,-,28.19195033,32.74860167,25/01/2021 00:00,487.7,17.52,0.1599,39.534264
MOSCOW MAERSK,-,21.855128,34.44888733,26/01/2021 00:00,511.7,15.92,0.1906,39.019222
MOSCOW MAERSK,MARSAXLOKK,14.5469,35.8237,27/01/2021 20:17,555.9833333,15.33,0.3983,37.76
MOSCOW MAERSK,MARSAXLOKK,14.5469,35.8237,28/01/2021 23:46,583.4666667,15.33,0.3983,37.76
MOSCOW MAERSK,-,9.765514286,37.47294286,29/01/2021 00:00,583.7,15.63,0.4583,37.329636
MOSCOW MAERSK,-,-3.973602143,36.11175357,30/01/2021 00:00,607.7,15.48,0.8619,36.454727
MOSCOW MAERSK,-,-9.764742857,39.47705714,31/01/2021 00:00,631.7,15.04,0.4125,36.036835
MOSCOW MAERSK,-,-6.013800143,48.098143,01/02/2021 00:00,655.7,11.26,0.3983,36.046967
MOSCOW MAERSK,-,-1.742287857,49.81486,02/02/2021 00:00,679.7,9.8,1.4088,34.830887
CMACGM GEORG FORSTER,SUEZ CANAL,32.38447,30.34374,03/01/2021 05:30,0,16.21,3.7632,38.97
CMACGM GEORG FORSTER,-,28.164952,33.13310333,04/01/2021 00:00,18.5,17.37,0.1544,39.46263
CMACGM GEORG FORSTER,-,22.46912167,34.908898,05/01/2021 00:00,42.5,16.06,0.1906,39.154213
CMACGM GEORG FORSTER,-,12.103824,37.210903,06/01/2021 00:00,66.5,15.04,0.4425,37.4596
CMACGM GEORG FORSTER,-,10.21949767,37.48642833,07/01/2021 00:00,90.5,15.48,0.4747,37.4026
CMACGM GEORG FORSTER,-,-2.533028,36.33338067,08/01/2021 00:00,114.5,15.33,1.1019,36.91224
CMACGM GEORG FORSTER,ALGECIRAS,-5.42208,36.1363,09/01/2021 22:08,160.6333333,15.33,0.6068,36.43
CMACGM GEORG FORSTER,ALGECIRAS,-5.42208,36.1363,10/01/2021 00:00,162.5,15.33,0.6068,36.43
CMACGM GEORG FORSTER,ALGECIRAS,-5.42208,36.1363,11/01/2021 06:01,192.5166667,15.33,0.6068,36.43
CMACGM GEORG FORSTER,-,-9.14264,43.688493,12/01/2021 00:00,210.5,13.44,0.4272,35.582146
CMACGM GEORG FORSTER,-,-3.197043,49.370363,13/01/2021 00:00,234.5,10.24,0.651,34.55084
CMACGM GEORG FORSTER,-,0.39288,50.503441,14/01/2021 00:00,258.5,9.36,2.3025,34.469913
CMACGM GEORG FORSTER,MAASVLAKTE - ROTTERDAM,4.06921,51.96188,15/01/2021 11:38,294.1333333,5.87,2.3025,31.75
CMACGM GEORG FORSTER,MAASVLAKTE - ROTTERDAM,4.06921,51.96188,16/01/2021 00:00,306.5,5.87,2.3025,31.75
CMACGM GEORG FORSTER,MAASVLAKTE - ROTTERDAM,4.06921,51.96188,17/01/2021 15:26,345.9333333,5.87,2.3025,31.75
CMACGM GEORG FORSTER,ANTWERP,4.34107,51.2594,18/01/2021 07:54,362.4,5.87,2.3025,0
CMACGM GEORG FORSTER,ANTWERP,4.34107,51.2594,19/01/2021 00:00,378.5,5.87,2.3025,0
CMACGM GEORG FORSTER,ANTWERP,4.34107,51.2594,20/01/2021 06:32,409.0333333,5.87,2.3025,0
CMACGM GEORG FORSTER,-,2.328327,51.32976,21/01/2021 00:00,426.5,8.63,2.3025,34.540794
CMACGM GEORG FORSTER,-,0.344247,50.785762,22/01/2021 00:00,450.5,8.63,3.6335,34.469913
CMACGM GEORG FORSTER,-,-0.898719,50.717134,23/01/2021 00:00,474.5,8.2,4.0368,35.232986
CMACGM GEORG FORSTER,SOUTHAMPTON,-1.39827,50.8828,24/01/2021 05:35,504.0833333,7.47,4.8111,21.88
CMACGM GEORG FORSTER,SOUTHAMPTON,-1.39827,50.8828,25/01/2021 00:00,522.5,7.47,4.8111,21.88
CMACGM GEORG FORSTER,SOUTHAMPTON,-1.39827,50.8828,26/01/2021 00:00,546.5,7.47,4.8111,21.88
CMACGM GEORG FORSTER,SOUTHAMPTON,-1.39827,50.8828,27/01/2021 00:53,571.3833333,7.47,4.8111,21.88
CMACGM GEORG FORSTER,LE HAVRE,0.12183,49.4756,28/01/2021 06:00,600.5,7.18,3.3872,34.52
CMACGM GEORG FORSTER,LE HAVRE,0.12183,49.4756,29/01/2021 22:14,640.7333333,7.18,3.3872,34.52
CMACGM GEORG FORSTER,-,-1.459795556,49.90117511,30/01/2021 00:00,642.5,10.38,1.3133,34.58119
CMACGM GEORG FORSTER,-,-3.810803,49.18282989,31/01/2021 00:00,666.5,10.96,0.6068,35.262722
CMACGM GEORG FORSTER,-,-7.536285,46.225887,01/02/2021 00:00,690.5,11.98,0.3846,35.630882
MSC ELOANE,SUEZ CANAL,32.38447,30.34374,10/01/2020 07:19,0,16.21,3.7632,38.97
MSC ELOANE,SUEZ CANAL,32.38447,30.34374,11/01/2020 19:24,36.09388889,16.21,3.7632,38.97
MSC ELOANE,-,28.707499,32.93551386,12/01/2020 00:00,40.68333333,17.52,0.1544,39.547104
MSC ELOANE,-,25.16325986,34.11221271,13/01/2020 00:00,64.68333333,16.21,0.1599,39.348373
MSC ELOANE,-,15.418084,36.35526486,14/01/2020 00:00,88.68333333,15.04,0.3585,38.033997
MSC ELOANE,-,11.898369,37.47760543,15/01/2020 00:00,112.6833333,14.9,0.4425,37.4967
MSC ELOANE,-,9.639619429,38.21482957,16/01/2020 00:00,136.6833333,14.46,0.3342,37.69374
MSC ELOANE,-,4.777094286,40.14307929,17/01/2020 00:00,160.6833333,14.31,0.3227,37.86445
MSC ELOANE,BARCELONA,2.17599,41.3459,18/01/2020 02:21,187.0333333,14.02,0.4916,37.85
MSC ELOANE,BARCELONA,2.17599,41.3459,19/01/2020 00:00,208.6833333,14.02,0.4916,37.85
MSC ELOANE,BARCELONA,2.17599,41.3459,20/01/2020 00:00,232.6833333,14.02,0.4916,37.85
MSC ELOANE,BARCELONA,2.17599,41.3459,21/01/2020 00:00,256.6833333,14.02,0.4916,37.85
MSC ELOANE,BARCELONA,2.17599,41.3459,22/01/2020 00:00,280.6833333,14.02,0.4916,37.85
MSC ELOANE,BARCELONA,2.17599,41.3459,23/01/2020 00:00,304.6833333,14.02,0.4916,37.85
MSC ELOANE,BARCELONA,2.17599,41.3459,24/01/2020 05:58,334.65,14.02,0.4916,37.85
MSC ELOANE,VALENCIA,-0.30805,39.438,25/01/2020 00:00,352.6833333,14.31,1.0639,37.59
MSC ELOANE,VALENCIA,-0.30805,39.438,26/01/2020 10:57,387.6333333,14.31,1.0639,37.59
MSC ELOANE,-,4.315453,38.929487,27/01/2020 00:00,400.6833333,15.19,0.3227,37.43398
MSC ELOANE,GIOIA TAURO,15.9006,38.4454,28/01/2020 06:56,431.6166667,14.61,0.4272,38.02
MSC ELOANE,GIOIA TAURO,15.9006,38.4454,29/01/2020 08:12,456.8833333,14.61,0.4272,38.02
MSC ELOANE,-,18.88148433,36.48221067,30/01/2020 00:00,472.6833333,14.9,0.2045,38.701237
MSC ELOANE,-,27.72904733,33.291855,31/01/2020 00:00,496.6833333,17.37,0.1657,39.38195
MSC ELOANE,SUEZ CANAL,32.38447,30.34374,01/02/2020 00:27,521.1333333,16.94,3.3872,38.97
MSC ELOANE,SUEZ CANAL,32.38447,30.34374,02/02/2020 19:16,563.95,16.94,3.3872,38.97
MSC ELOANE,-,33.75,27.9,03/02/2020 00:00,568.6833333,22.18,0.3585,39.641197
MSC ELOANE,KING ABDULLAH,39.08914,22.52306,04/02/2020 05:01,597.7,25.97,0.3846,39.31
MSC ELOANE,KING ABDULLAH,39.08914,22.52306,05/02/2020 10:13,626.9,25.97,0.3846,39.31
MSC ELOANE,-,43.315,12.69400909,06/02/2020 00:00,640.6833333,25.68,1.4088,35.292618
MSC ELOANE,-,51.37436745,12.92322873,07/02/2020 00:00,664.6833333,25.82,0.3846,36.239117
MSC ELOANE,-,58.80389227,11.33672409,08/02/2020 00:00,688.6833333,26.11,0.4272,36.52839
CSCL GLOBE,NANSHA,113.6759,22.67292,16/01/2021 17:45,0,18.25,5.1608,8.46
CSCL GLOBE,NANSHA,113.6759,22.67292,17/01/2021 14:21,20.6,18.25,5.1608,8.46
CSCL GLOBE,-,113.69339,22.23826,18/01/2021 00:00,30.25,18.39,5.1608,34.266567
CSCL GLOBE,-,112.0495,16.9609,19/01/2021 00:00,54.25,25.68,0.1342,33.93828
CSCL GLOBE,-,110.1,12.2,20/01/2021 00:00,78.25,26.99,0.139,33.245872
CSCL GLOBE,SINGAPORE,103.85457,1.2576,21/01/2021 15:17,117.5333333,29.03,2.0724,31.85
CSCL GLOBE,SINGAPORE,103.85457,1.2576,22/01/2021 10:12,136.45,29.03,2.0724,31.85
CSCL GLOBE,-,96.625,6.9625,23/01/2021 00:00,150.25,29.32,0.2614,32.30335
CSCL GLOBE,-,84.935925,6.123725,24/01/2021 00:00,174.25,28.44,0.144,34.384346
CSCL GLOBE,-,76.3625,8.6375,25/01/2021 00:00,198.25,28.59,0.1777,33.29372
CSCL GLOBE,-,69.4005765,14.2221485,26/01/2021 00:00,222.25,27.13,0.3846,36.626118
CSCL GLOBE,-,66.41926075,17.29280138,27/01/2021 00:00,246.25,25.68,0.6068,36.661533
CSCL GLOBE,-,62.907107,21.10128075,28/01/2021 00:00,270.25,24.95,1.679,36.387638
CSCL GLOBE,-,57.3375,25.3125,29/01/2021 00:00,294.25,24.07,1.4591,37.162296
CSCL GLOBE,JEBEL ALI,55.04112,25.02413,30/01/2021 06:59,325.2333333,22.76,3.0487,28.84
CSCL GLOBE,JEBEL ALI,55.04112,25.02413,31/01/2021 00:00,342.25,22.18,2.2231,28.84
CSCL GLOBE,JEBEL ALI,55.04112,25.02413,01/02/2021 01:41,367.9333333,22.18,2.2231,28.84
CSCL GLOBE,-,51.85,25.5,02/02/2021 00:00,390.25,20,1.0639,39.314636
CSCL GLOBE,DAMMAM,50.16472,26.49736,03/02/2021 04:34,418.8166667,18.54,2.1464,39.76
CSCL GLOBE,DAMMAM,50.16472,26.49736,04/02/2021 23:16,461.5166667,18.54,2.1464,39.76
CSCL GLOBE,KHALIFA,54.66774,24.80785,05/02/2021 23:23,485.6333333,21.6,1.268,39.54
CSCL GLOBE,KHALIFA,54.66774,24.80785,06/02/2021 12:35,498.8333333,21.6,1.268,39.54
CSCL GLOBE,-,56.59363253,26.41179307,07/02/2021 00:00,510.25,23.2,1.801,37.925934
CSCL GLOBE,-,59.09333333,23.91333333,08/02/2021 00:00,534.25,23.78,2.0724,37.070717
CSCL GLOBE,-,63.6506904,20.6264564,09/02/2021 00:00,558.25,24.51,0.7491,36.73154
CSCL GLOBE,-,66.31528947,17.44403613,10/02/2021 00:00,582.25,25.68,1.5112,36.694893
CSCL GLOBE,-,68.39187,14.99103267,11/02/2021 00:00,606.25,26.84,0.4747,36.526623
CSCL GLOBE,-,72.2268,12.0628,12/02/2021 00:00,630.25,28.15,0.144,35.674744
CSCL GLOBE,-,79.27333333,6.386666667,13/02/2021 00:00,654.25,28.3,0.2524,33.538994
CSCL GLOBE,-,87.02846,6.269793333,14/02/2021 00:00,678.25,28.59,0.184,34.033474
NYK VENUS,SUEZ CANAL,32.38447,30.34374,08/01/2021 10:31,0,16.21,3.7632,38.97
NYK VENUS,-,34,27.6,09/01/2021 00:00,13.48333333,23.06,0.4583,39.149414
NYK VENUS,-,40.43333333,17.78333333,10/01/2021 00:00,37.48333333,26.84,0.4125,38.00353
NYK VENUS,-,43.465,12.6341,11/01/2021 00:00,61.48333333,25.68,0.8927,33.808025
NYK VENUS,-,53.60884733,12.46500533,12/01/2021 00:00,85.48333333,26.11,0.2804,35.64316
NYK VENUS,-,60.515157,10.939141,13/01/2021 00:00,109.4833333,26.26,0.4747,36.41795
NYK VENUS,-,64.698862,9.934828,14/01/2021 00:00,133.4833333,27.28,0.2524,36.7227
NYK VENUS,-,69.01569667,8.841503333,15/01/2021 00:00,157.4833333,28.44,0.144,35.5587
NYK VENUS,-,70.54492233,8.437681,16/01/2021 00:00,181.4833333,28.44,0.1716,35.71677
NYK VENUS,-,75.966807,6.966807,17/01/2021 00:00,205.4833333,28.15,0.184,33.366516
NYK VENUS,-,83.2493,5.999433333,18/01/2021 00:00,229.4833333,27.72,1.932,34.845375
NYK VENUS,-,96,6.9,19/01/2021 00:00,253.4833333,29.03,0.2524,32.360096
NYK VENUS,SINGAPORE,103.85457,1.2576,20/01/2021 12:54,290.3833333,29.03,2.0724,31.85
NYK VENUS,SINGAPORE,103.85457,1.2576,21/01/2021 23:21,324.8333333,29.03,2.0724,31.85
NYK VENUS,-,110.7823664,8.510607286,22/01/2021 00:00,325.4833333,27.43,0.184,33.353718
NYK VENUS,-,117.7165256,16.40147457,23/01/2021 00:00,349.4833333,26.84,0.1296,33.606766
NYK VENUS,-,123.403914,19.58338886,24/01/2021 00:00,373.4833333,26.26,0.0912,34.967625
NYK VENUS,-,125.1795086,22.14795029,25/01/2021 00:00,397.4833333,25.24,0.1342,34.83321
NYK VENUS,-,131.1142857,31.2,26/01/2021 00:00,421.4833333,18.1,0.651,34.652435
NYK VENUS,-,134.9628137,33.71323371,27/01/2021 00:00,445.4833333,16.35,0.4916,34.4588
NYK VENUS,KOBE,135.29395,34.6675,28/01/2021 07:19,476.8,11.26,5.536,32.48
NYK VENUS,KOBE,135.29395,34.6675,29/01/2021 04:21,497.8333333,11.26,5.536,32.48
NYK VENUS,NAGOYA,136.84288,35.0272,30/01/2021 00:00,517.4833333,10.96,4.8111,32.36
NYK VENUS,NAGOYA,136.84288,35.0272,31/01/2021 01:13,542.7,10.96,4.8111,32.36
NYK VENUS,TOKYO,139.80903,35.62071,01/02/2021 00:00,565.4833333,9.94,21.755,14.67
NYK VENUS,TOKYO,139.80903,35.62071,02/02/2021 16:39,606.1333333,9.94,21.755,14.67
NYK VENUS,-,149.7516222,39.89056111,03/02/2021 00:00,613.4833333,11.4,0.2193,33.917706
NYK VENUS,-,159.4444889,40.01185556,04/02/2021 00:00,637.4833333,7.91,0.2804,33.847168
NYK VENUS,-,174.167,40.08891667,05/02/2021 00:00,661.4833333,9.94,0.1716,34.19206
NYK VENUS,-,183.8018556,40.58955556,06/02/2021 00:00,685.4833333,10.53,0.2614,34.209564
ELEONORA MAERSK,TANGER MED,-5.51949,35.88087,01/01/2021 11:30,0,16.35,0.4272,36.39
ELEONORA MAERSK,TANGER MED,-5.51949,35.88087,02/01/2021 12:48,25.3,16.35,0.4272,36.39
ELEONORA MAERSK,-,-1.9966318,36.4159028,03/01/2021 00:00,36.5,15.33,0.4747,36.98374
ELEONORA MAERSK,-,11.137788,37.4639128,04/01/2021 00:00,60.5,15.19,0.4747,37.567093
ELEONORA MAERSK,-,16.9616872,36.0386284,05/01/2021 00:00,84.5,15.33,0.1974,38.35104
ELEONORA MAERSK,-,27.8084452,33.262939,06/01/2021 00:00,108.5,17.37,0.1657,39.5195
ELEONORA MAERSK,SUEZ CANAL,32.38447,30.34374,07/01/2021 10:21,142.85,16.21,3.7632,38.97
ELEONORA MAERSK,-,34.125,27.45,08/01/2021 00:00,156.5,23.35,0.2904,39.772537
ELEONORA MAERSK,-,41.2,16.3,09/01/2021 00:00,180.5,25.82,0.8322,37.550373
ELEONORA MAERSK,-,43.3825,12.66705,10/01/2021 00:00,204.5,25.82,0.8035,33.808025
ELEONORA MAERSK,SALALAH,54.02416,16.95314,11/01/2021 18:33,247.05,25.68,3.7632,35.93
ELEONORA MAERSK,SALALAH,54.02416,16.95314,12/01/2021 00:00,252.5,25.68,3.7632,35.93
ELEONORA MAERSK,SALALAH,54.02416,16.95314,13/01/2021 02:47,279.2833333,25.68,3.7632,35.93
ELEONORA MAERSK,-,57.1,25.5,14/01/2021 00:00,300.5,24.07,2.0724,35.686447
ELEONORA MAERSK,KHALIFA,54.66774,24.80785,15/01/2021 04:00,328.5,22.47,1.5652,39.54
ELEONORA MAERSK,KHALIFA,54.66774,24.80785,16/01/2021 10:40,359.1666667,22.47,1.5652,39.54
ELEONORA MAERSK,JEBEL ALI,55.04112,25.02413,17/01/2021 00:00,372.5,22.76,3.0487,28.84
ELEONORA MAERSK,JEBEL ALI,55.04112,25.02413,18/01/2021 11:14,407.7333333,22.76,3.0487,28.84
ELEONORA MAERSK,-,56.55360273,26.40935508,19/01/2021 00:00,420.5,23.93,3.5082,35.686447
ELEONORA MAERSK,-,57.04816323,25.64186338,20/01/2021 00:00,444.5,23.93,3.7632,35.686447
ELEONORA MAERSK,-,59.37692308,23.65,21/01/2021 00:00,468.5,24.51,6.1506,37.501446
ELEONORA MAERSK,-,61.76798338,21.82799762,22/01/2021 00:00,492.5,24.66,3.2704,36.578144
ELEONORA MAERSK,-,64.55266469,20.00792204,23/01/2021 00:00,516.5,25.09,0.7232,36.40016
ELEONORA MAERSK,-,65.65546508,18.403806,24/01/2021 00:00,540.5,25.09,0.5462,36.610565
ELEONORA MAERSK,-,66.67160485,16.92574619,25/01/2021 00:00,564.5,25.82,0.7232,36.68846
ELEONORA MAERSK,-,68.04504423,15.25539962,26/01/2021 00:00,588.5,26.7,0.5462,36.74235
ELEONORA MAERSK,-,69.76908204,13.94125588,27/01/2021 00:00,612.5,27.43,0.2353,36.577183
ELEONORA MAERSK,-,72.345,11.97192308,28/01/2021 00:00,636.5,28.44,0.1599,35.599037
ELEONORA MAERSK,-,76.41153846,8.588461538,29/01/2021 00:00,660.5,28.59,0.1716,33.354668
ELEONORA MAERSK,-,80.23846154,5.807692308,30/01/2021 00:00,684.5,28.3,1.4591,32.978897
CMA CGM NEVADA,SINGAPORE,103.85457,1.2576,18/01/2021 03:30,0,29.03,2.0724,31.85
CMA CGM NEVADA,SINGAPORE,103.85457,1.2576,19/01/2021 02:43,23.21666667,29.03,2.0724,31.85
CMA CGM NEVADA,-,97.8,6.155555556,20/01/2021 00:00,44.5,29.17,0.3115,31.99628
CMA CGM NEVADA,-,87.74883333,6.317455556,21/01/2021 00:00,68.5,28.59,0.105,33.97965
CMA CGM NEVADA,-,79.06666667,6.533333333,22/01/2021 00:00,92.5,27.57,0.2614,32.885193
CMA CGM NEVADA,-,71.29637756,12.77707756,23/01/2021 00:00,116.5,28.15,0.1906,36.321033
CMA CGM NEVADA,-,67.70872833,15.51175544,24/01/2021 00:00,140.5,26.26,0.5274,36.79283
CMA CGM NEVADA,-,65.38770467,18.793286,25/01/2021 00:00,164.5,24.95,0.9246,36.622845
CMA CGM NEVADA,-,61.49776444,22.000245,26/01/2021 00:00,188.5,24.66,4.9829,36.473423
CMA CGM NEVADA,-,57.02512467,25.70491378,27/01/2021 00:00,212.5,23.93,1.8653,35.686447
CMA CGM NEVADA,JEBEL ALI,55.04112,25.02413,28/01/2021 06:34,243.0666667,22.76,3.0487,28.84
CMA CGM NEVADA,JEBEL ALI,55.04112,25.02413,29/01/2021 19:54,280.4,22.76,3.0487,28.84
CMA CGM NEVADA,-,53.148966,26.25488,30/01/2021 00:00,284.5,23.35,1.1821,39.48839
CMA CGM NEVADA,-,51.6,26.3,31/01/2021 00:00,308.5,21.74,1.7389,38.271423
CMA CGM NEVADA,DAMMAM,50.16472,26.49736,01/02/2021 17:44,350.2333333,18.54,2.1464,39.76
CMA CGM NEVADA,DAMMAM,50.16472,26.49736,02/02/2021 00:00,356.5,18.54,2.1464,39.76
CMA CGM NEVADA,DAMMAM,50.16472,26.49736,03/02/2021 03:31,384.0166667,18.54,2.1464,39.76
CMA CGM NEVADA,AL JUBAIL,49.69211,27.11078,04/02/2021 18:13,422.7166667,19.27,0.8619,39.66
CMA CGM NEVADA,KHALIFA,54.66774,24.80785,05/02/2021 13:13,441.7166667,21.6,1.268,39.54
CMA CGM NEVADA,KHALIFA,54.66774,24.80785,06/02/2021 05:34,458.0666667,21.6,1.268,39.54
CMA CGM NEVADA,-,56.53202218,26.40804073,07/02/2021 00:00,476.5,23.2,1.801,37.925934
CMA CGM NEVADA,-,58.48181818,24.40909091,08/02/2021 00:00,500.5,23.49,4.3303,36.744106
CMA CGM NEVADA,-,62.56911455,21.31711,09/02/2021 00:00,524.5,24.8,3.8976,36.672104
CMA CGM NEVADA,-,65.54592673,18.56313873,10/02/2021 00:00,548.5,24.95,1.3602,36.65139
CMA CGM NEVADA,-,67.41138218,15.84967764,11/02/2021 00:00,572.5,26.26,0.8035,36.669655
CMA CGM NEVADA,-,70.26468927,13.56348018,12/02/2021 00:00,596.5,27.72,0.1491,36.310337
CMA CGM NEVADA,-,76.22727273,8.772727273,13/02/2021 00:00,620.5,29.32,0.139,33.919643
CMA CGM NEVADA,-,81.73636364,5.890909091,14/02/2021 00:00,644.5,28.88,0.2272,33.98472
CMA CGM NEVADA,-,91.09090909,6.530109091,15/02/2021 00:00,668.5,28.88,0.1491,33.395145
CMA CGM NEVADA,-,99.29090909,4.581818182,16/02/2021 00:00,692.5,29.76,0.9246,32.1264
MSC JADE,SUEZ CANAL,32.38447,30.34374,03/01/2020 07:24,0,16.21,3.7632,38.97
MSC JADE,SUEZ CANAL,32.38447,30.34374,04/01/2020 16:01,32.61666667,16.21,3.7632,38.97
MSC JADE,-,28.38570675,33.052707,05/01/2020 00:00,40.6,17.23,0.1599,39.516342
MSC JADE,-,23.963332,34.493718,06/01/2020 00:00,64.6,15.48,0.184,39.2695
MSC JADE,-,17.56797075,37.0187165,07/01/2020 00:00,88.6,15.48,0.1974,38.43783
MSC JADE,GIOIA TAURO,15.9006,38.4454,08/01/2020 11:53,124.4833333,14.61,0.4272,38.02
MSC JADE,GIOIA TAURO,15.9006,38.4454,09/01/2020 23:55,160.5166667,14.61,0.4272,38.02
MSC JADE,-,9.808614,41.0879525,10/01/2020 00:00,160.6,14.17,0.3461,38.285572
MSC JADE,BARCELONA,2.17599,41.3459,11/01/2020 16:02,200.6333333,14.02,0.4916,37.85
MSC JADE,BARCELONA,2.17599,41.3459,12/01/2020 00:00,208.6,14.02,0.4916,37.85
MSC JADE,BARCELONA,2.17599,41.3459,13/01/2020 05:46,238.3666667,14.02,0.4916,37.85
MSC JADE,VALENCIA,-0.30805,39.438,14/01/2020 02:09,258.75,14.31,1.0639,37.59
MSC JADE,VALENCIA,-0.30805,39.438,15/01/2020 18:23,298.9908333,14.31,1.0639,37.59
MSC JADE,-,1.670989,39.1933595,16/01/2020 00:00,304.6,15.04,0.3846,38.098736
MSC JADE,-,4.200818,38.766372,17/01/2020 00:00,328.6,15.19,0.3342,37.43398
MSC JADE,-,7.1683705,38.1924495,18/01/2020 00:00,352.6,16.5,0.3983,37.166164
MSC JADE,-,11.172235,37.454891,19/01/2020 00:00,376.6,15.19,0.4747,37.540462
MSC JADE,-,14.2319095,36.6535475,20/01/2020 00:00,400.6,14.9,0.3713,37.765663
MSC JADE,-,24.926664,34.187436,21/01/2020 00:00,424.6,16.35,0.1777,39.284588
MSC JADE,-,28.5589795,32.989603,22/01/2020 00:00,448.6,17.37,0.1599,39.547104
MSC JADE,SUEZ CANAL,32.38447,30.34374,23/01/2020 02:06,474.7,16.21,3.7632,38.97
MSC JADE,SUEZ CANAL,32.38447,30.34374,24/01/2020 15:09,511.75,16.21,3.7632,38.97
MSC JADE,-,33.75,27.9,25/01/2020 00:00,520.6,22.33,0.4425,39.149414
MSC JADE,KING ABDULLAH,39.08914,22.52306,26/01/2020 00:40,545.2666667,26.26,0.3227,39.31
MSC JADE,-,42.34666667,14.38666667,27/01/2020 00:00,568.6,25.39,0.8322,36.77601
MSC JADE,-,44.28366667,12.29591333,28/01/2020 00:00,592.6,25.97,0.5859,37.661636
MSC JADE,-,52.6472168,12.6622064,29/01/2020 00:00,616.6,25.82,0.5274,36.076775
MSC JADE,-,58.495027,11.40848367,30/01/2020 00:00,640.6,26.41,0.3461,36.360405
MSC JADE,-,61.23718867,10.77138933,31/01/2020 00:00,664.6,26.55,0.3115,36.84422
MSC JADE,-,64.5406168,9.9735308,01/02/2020 00:00,688.6,27.28,0.1544,35.664326
MSC LEANNE,HONG KONG,114.17983,22.29038,17/01/21 23:50:00,0.0,18.98,1.932,33.05
MSC LEANNE,HONG KONG,114.17983,22.29038,18/01/21 00:00:00,0.16666666666666666,18.98,1.932,33.05
MSC LEANNE,HONG KONG,114.17983,22.29038,19/01/21 03:26:00,27.6,18.98,1.932,33.05
MSC LEANNE,NANSHA,113.6759,22.67292,20/01/21 01:37:00,49.78333333333333,18.25,5.1608,8.46
MSC LEANNE,YANTIAN,114.26551,22.56608,21/01/21 08:35:00,80.75,18.39,1.1413,33.03
MSC LEANNE,YANTIAN,114.26551,22.56608,22/01/21 10:17:00,106.45,18.39,1.1413,33.03
MSC LEANNE,-,114.424896,22.131417,23/01/21 00:00:00,120.16666666666667,18.69,1.8653,34.36565
MSC LEANNE,-,111.96741366666666,16.760435666666666,24/01/21 00:00:00,144.16666666666666,25.53,0.1342,33.788837
MSC LEANNE,TANJUNG PELEPAS,103.54383,1.34848,25/01/21 17:58:00,186.13333333333333,29.9,2.7441,31.85
MSC LEANNE,TANJUNG PELEPAS,103.54383,1.34848,26/01/21 00:00:00,192.16666666666666,29.9,2.7441,31.85
MSC LEANNE,TANJUNG PELEPAS,103.54383,1.34848,27/01/21 13:47:00,229.95,29.9,2.7441,31.85
MSC LEANNE,-,98.8,5.099999999999999,28/01/21 00:00:00,240.16666666666666,29.9,0.3227,31.860004
MSC LEANNE,-,90.0,6.4664,29/01/21 00:00:00,264.1666666666667,28.74,0.1906,34.074734
MSC LEANNE,-,81.0,5.8500000000000005,30/01/21 00:00:00,288.1666666666667,28.01,0.4272,32.865944
MSC LEANNE,COLOMBO,79.83694,6.95639,31/01/21 00:08:00,312.3,28.01,2.1464,33.71
MSC LEANNE,-,70.82149025,8.364066124999999,01/02/21 00:00:00,336.1666666666667,28.74,0.1544,34.25303
MSC LEANNE,-,68.97652124999999,8.85152875,02/02/21 00:00:00,360.1666666666667,28.15,0.1342,34.74898
MSC LEANNE,-,64.451603875,9.995301125,03/02/21 00:00:00,384.1666666666667,27.43,0.139,35.664326
MSC LEANNE,-,59.1445525,11.2575775,04/02/21 00:00:00,408.1666666666667,25.97,0.4747,36.306805
MSC LEANNE,-,48.75,12.625,05/02/21 00:00:00,432.1666666666667,25.82,0.4272,36.066837
MSC LEANNE,-,41.8,15.325,06/02/21 00:00:00,456.1666666666667,24.95,7.0775,34.56576
MSC LEANNE,-,34.40625,27.1125,07/02/21 00:00:00,480.1666666666667,22.47,0.5657,39.641197
MSC LEANNE,SUEZ CANAL,32.38447,30.34374,08/02/21 06:40:00,510.8333333333333,16.94,3.3872,38.97
MSC LEANNE,-,25.84659211111111,33.894953666666666,09/02/21 00:00:00,528.1666666666666,16.21,0.2193,39.49885
MSC LEANNE,-,12.095814777777777,37.21300055555555,10/02/21 00:00:00,552.1666666666666,14.31,0.3983,37.225266
MSC LEANNE,-,-1.205148999999998,36.537669666666666,11/02/21 00:00:00,576.1666666666666,15.19,0.5092,37.030582
MSC LEANNE,-,-6.087702222222219,36.03201333333333,12/02/21 00:00:00,600.1666666666666,15.19,0.9918,36.43013
MSC LEANNE,-,-9.142302444444445,43.68914322222222,13/02/21 00:00:00,624.1666666666666,13.15,0.3846,35.622314
MSC LEANNE,-,-3.7231229999999997,49.20962033333333,14/02/21 00:00:00,648.1666666666666,10.67,0.651,35.322346
MSC LEANNE,-,-0.38456788888888965,50.24927566666667,15/02/21 00:00:00,672.1666666666666,9.51,1.3133,34.777714
SM CHARLESTON,HONG KONG,114.17983,22.29038,16/01/21 06:42:00,0.0,18.98,1.932,33.05
SM CHARLESTON,-,113.977719,21.867365,17/01/21 00:00:00,17.3,18.25,1.5652,34.266567
SM CHARLESTON,SHENZHEN,113.86234,22.50165,18/01/21 13:22:00,54.666666666666664,18.54,4.9829,32.82
SM CHARLESTON,SHENZHEN,113.86234,22.50165,19/01/21 06:49:00,72.11666666666666,18.54,4.9829,32.82
SM CHARLESTON,-,113.7257996,22.197554,20/01/21 00:00:00,89.3,18.54,6.3703,34.266567
SM CHARLESTON,-,113.2798,19.80436,21/01/21 00:00:00,113.3,23.64,0.3008,34.166813
SM CHARLESTON,-,111.9048342,16.6076098,22/01/21 00:00:00,137.3,25.68,0.1342,33.608677
SM CHARLESTON,-,107.87656,8.52728,23/01/21 00:00:00,161.3,25.97,0.5092,33.311947
SM CHARLESTON,SINGAPORE,103.85457,1.2576,24/01/21 09:19:00,194.61666666666667,29.03,2.0724,31.85
SM CHARLESTON,SINGAPORE,103.85457,1.2576,25/01/21 03:49:00,213.11666666666667,29.03,2.0724,31.85
SM CHARLESTON,-,96.0,6.9,26/01/21 00:00:00,233.3,29.03,0.2437,32.360096
SM CHARLESTON,-,83.2493,5.999433333333334,27/01/21 00:00:00,257.3,27.72,1.932,34.845375
SM CHARLESTON,COLOMBO,79.83694,6.95639,28/01/21 16:57:00,298.25,28.01,2.1464,33.71
SM CHARLESTON,COLOMBO,79.83694,6.95639,29/01/21 09:09:00,314.45,28.01,2.1464,33.71
SM CHARLESTON,-,75.3,9.7,30/01/21 00:00:00,329.3,28.3,0.139,34.321342
SM CHARLESTON,-,73.0,15.3,31/01/21 00:00:00,353.3,28.01,0.2804,35.86322
SM CHARLESTON,NHAVA SHEVA,72.94565,18.95656,01/02/21 01:34:00,378.8666666666667,24.95,4.485,35.37
SM CHARLESTON,NHAVA SHEVA,72.94565,18.95656,02/02/21 10:06:00,411.4,24.95,4.485,35.37
SM CHARLESTON,PIPAVAV,71.50443,20.91458,03/02/21 22:54:00,448.2,22.04,4.6452,35.71
SM CHARLESTON,PIPAVAV,71.50443,20.91458,04/02/21 20:15:00,469.55,22.04,4.6452,35.71
SM CHARLESTON,-,72.64,17.52,05/02/21 00:00:00,473.3,26.7,1.7389,36.00686
SM CHARLESTON,-,74.03999999999999,12.98,06/02/21 00:00:00,497.3,29.17,0.144,35.022038
SM CHARLESTON,-,75.64,9.359999999999998,07/02/21 00:00:00,521.3,29.32,0.144,33.89645
SM CHARLESTON,-,78.86,6.679999999999998,08/02/21 00:00:00,545.3,27.86,0.2118,33.660454
SM CHARLESTON,-,81.9,5.9,09/02/21 00:00:00,569.3,28.74,0.2193,33.99128
SM CHARLESTON,-,87.56874,6.305540000000001,10/02/21 00:00:00,593.3,28.59,0.2118,34.450657
SM CHARLESTON,-,93.2,6.6532800000000005,11/02/21 00:00:00,617.3,29.61,0.2804,33.211685
SM CHARLESTON,-,97.72,6.239999999999997,12/02/21 00:00:00,641.3,29.76,0.7758,31.449158
SM CHARLESTON,-,101.44,2.4799999999999986,13/02/21 00:00:00,665.3,29.76,2.8421,32.035316
SM CHARLESTON,SINGAPORE,103.85457,1.2576,14/02/21 06:53:00,696.1833333333333,27.86,1.4591,31.85