,mean_fit_time,std_fit_time,mean_score_time,std_score_time,param_class_weight,param_max_depth,param_min_samples_leaf,param_min_samples_split,param_random_state,params,split0_test_mcc,split1_test_mcc,split2_test_mcc,split3_test_mcc,split4_test_mcc,mean_test_mcc,std_test_mcc,rank_test_mcc,split0_train_mcc,split1_train_mcc,split2_train_mcc,split3_train_mcc,split4_train_mcc,mean_train_mcc,std_train_mcc,split0_test_f1,split1_test_f1,split2_test_f1,split3_test_f1,split4_test_f1,mean_test_f1,std_test_f1,rank_test_f1,split0_train_f1,split1_train_f1,split2_train_f1,split3_train_f1,split4_train_f1,mean_train_f1,std_train_f1,split0_test_auprc,split1_test_auprc,split2_test_auprc,split3_test_auprc,split4_test_auprc,mean_test_auprc,std_test_auprc,rank_test_auprc,split0_train_auprc,split1_train_auprc,split2_train_auprc,split3_train_auprc,split4_train_auprc,mean_train_auprc,std_train_auprc
0,0.004202079772949219,0.0004030728331616902,0.00760493278503418,0.000488889295132634,balanced,,1,2,42,"{'class_weight': 'balanced', 'max_depth': None, 'min_samples_leaf': 1, 'min_samples_split': 2, 'random_state': 42}",0.11305212404877321,0.33394720739540396,0.4553825555391872,0.26847374864091483,0.5767732471620796,0.3495257765572718,0.1584796402885268,37,0.8721073888596326,0.806198013668239,0.7788127917631302,0.7863561828382905,0.7573714958653774,0.8001691745989339,0.03921731430307663,0.14285714285714285,0.35294117647058826,0.47058823529411764,0.2857142857142857,0.5882352941176471,0.3680672268907563,0.1527841099477447,37,0.868421052631579,0.7951807228915663,0.7640449438202247,0.7727272727272727,0.7391304347826086,0.7879008853706502,0.044078100432137654,0.09837962962962962,0.22083333333333333,0.2361111111111111,0.1462677566336103,0.4010779616724739,0.2205339584760317,0.10322405067786565,71,0.9444679351656096,0.9439701248687128,0.924883276673558,0.9112356053532524,0.8854886782299127,0.9220091240582091,0.02211224174522672
1,0.006004619598388672,1.3266017668956333e-06,0.007800769805908203,0.0003989729129452232,balanced,,1,5,42,"{'class_weight': 'balanced', 'max_depth': None, 'min_samples_leaf': 1, 'min_samples_split': 5, 'random_state': 42}",0.0694108862819823,0.2765679506953618,0.40726903509977214,0.24555061788886634,0.5767732471620796,0.31511434742561245,0.1695010290573643,38,0.7898231912949468,0.7458091475282282,0.7505743705117818,0.7714822138203883,0.731191218749917,0.7577760283810525,0.020575239423455464,0.10256410256410256,0.3,0.4210526315789474,0.26086956521739135,0.5882352941176471,0.33454431869561774,0.16265232807380722,38,0.7764705882352941,0.7252747252747253,0.7311827956989247,0.7555555555555554,0.7083333333333333,0.7393633996195665,0.023947473352518858,0.09837962962962962,0.22083333333333333,0.2371031746031746,0.17992160278745645,0.365611691831204,0.2203698864369596,0.087055253897933,72,0.8794714155024577,0.8976371739918538,0.8901775609625971,0.915838867596879,0.8450344554489699,0.8856318947005516,0.023508954047015966
2,0.006001091003417969,1.2579828222535055e-06,0.008396720886230469,0.0004894190389775632,balanced,,1,10,42,"{'class_weight': 'balanced', 'max_depth': None, 'min_samples_leaf': 1, 'min_samples_split': 10, 'random_state': 42}",0.050320528587389834,0.18644483230569905,0.30550504633038933,0.18389744362309632,0.4720456531585966,0.23964270080103423,0.14151283519533753,41,0.6856295979993471,0.5898778128387092,0.6340940884970857,0.6341065676875963,0.6218067592266999,0.6331029652498876,0.030844950194897715,0.08695652173913043,0.20689655172413793,0.30769230769230765,0.19354838709677416,0.4761904761904762,0.25425684888856526,0.13116996434388942,41,0.6534653465346535,0.5365853658536585,0.5913043478260869,0.5913043478260869,0.576271186440678,0.5897861188962328,0.03761017839459921,0.24652777777777776,0.22083333333333333,0.39513888888888893,0.22575493612078976,0.5729529616724739,0.33224157955865274,0.1363789568617714,56,0.8164806879205982,0.8071179229831542,0.7681041350479115,0.8194730366871061,0.7300315294731208,0.7882414624223781,0.03441829193565119
3,0.0053996086120605465,0.0007996442221854173,0.007401895523071289,0.0004904083304955143,balanced,,2,2,42,"{'class_weight': 'balanced', 'max_depth': None, 'min_samples_leaf': 2, 'min_samples_split': 2, 'random_state': 42}",0.0943226849755823,0.2621520601955984,0.40726903509977214,0.25644213339211014,0.4933742871784386,0.3027120401683003,0.13747465019424848,40,0.8147530649071655,0.7458091475282282,0.7573640449782921,0.7439600622056053,0.7017624265712615,0.7527297492381105,0.03630657929932898,0.125,0.28571428571428575,0.4210526315789474,0.2727272727272727,0.5,0.3208988380041012,0.1296478428267325,40,0.8048780487804877,0.7252747252747253,0.7391304347826086,0.7234042553191489,0.6732673267326732,0.7331909581779288,0.04224595659517647,0.09837962962962962,0.22083333333333333,0.2371031746031746,0.2942073170731707,0.40060447682398903,0.2502255862926595,0.09863214500087389,70,0.8945578231292517,0.8848695873112237,0.8903906390142264,0.8613842328375201,0.8056909705882999,0.8673786505761043,0.032910468871544196
4,0.005801200866699219,0.0004004244685134846,0.00839858055114746,0.0008003474471502851,balanced,,2,5,42,"{'class_weight': 'balanced', 'max_depth': None, 'min_samples_leaf': 2, 'min_samples_split': 5, 'random_state': 42}",0.08638451146997386,0.2621520601955984,0.40726903509977214,0.25644213339211014,0.5174514603856506,0.305939840108621,0.14668108688123255,39,0.7819802101740813,0.7326018434705178,0.7439521188071571,0.7439600622056053,0.6962619208952974,0.7397512311105319,0.027426564626289937,0.11764705882352941,0.28571428571428575,0.4210526315789474,0.2727272727272727,0.5263157894736842,0.3246914076635439,0.1393016342736177,39,0.7674418604651162,0.7096774193548387,0.7234042553191489,0.7234042553191489,0.6666666666666666,0.7181188914249839,0.03227139693664584,0.09837962962962962,0.22083333333333333,0.2371031746031746,0.3924216027874564,0.40060447682398903,0.26986844343551664,0.11401544230342905,67,0.8653583388758591,0.8833249093434664,0.8889319878990598,0.8613842328375201,0.8074559652221404,0.8612910868356092,0.028859245590904792
5,0.0063994407653808595,0.001354743856917787,0.007999801635742187,3.1107914791679557e-06,balanced,,2,10,42,"{'class_weight': 'balanced', 'max_depth': None, 'min_samples_leaf': 2, 'min_samples_split': 10, 'random_state': 42}",0.043278735048383025,0.17989336203870035,0.30550504633038933,0.162946134909939,0.43576121798091666,0.22547689926166567,0.1340209874768364,42,0.6700572820243368,0.5863509961015968,0.6340940884970857,0.6426828619647489,0.6139576996530065,0.629428585648155,0.028082595184044483,0.0816326530612245,0.2,0.30769230769230765,0.17142857142857143,0.43478260869565216,0.23910722817555116,0.12157366931708032,42,0.6346153846153846,0.532258064516129,0.5913043478260869,0.6017699115044248,0.5666666666666667,0.5853228750257383,0.034351019641913866,0.24652777777777776,0.22083333333333333,0.39513888888888893,0.2882549361207898,0.5672711434906557,0.3436052159222891,0.12668289879039576,51,0.7999349432769551,0.8074106037700012,0.7681041350479115,0.8180752179276785,0.7228662367793688,0.783278227360383,0.03449785504146392
6,0.006000423431396484,0.0006335456056340796,0.0078010082244873045,0.0007503573125764564,balanced,,5,2,42,"{'class_weight': 'balanced', 'max_depth': None, 'min_samples_leaf': 5, 'min_samples_split': 2, 'random_state': 42}",0.04556456040751772,0.1431404493185756,0.2355861222951437,0.14176309953498964,0.4657022752978942,0.2063513013708242,0.14292461378961704,47,0.6328657214123729,0.5232630265075443,0.5816634680939423,0.5506606774153504,0.585041183299028,0.5746988153456476,0.03677589529220634,0.08333333333333333,0.16216216216216214,0.22857142857142856,0.15,0.44444444444444436,0.2137022737022737,0.12423643951003974,47,0.5892857142857143,0.4551724137931034,0.5271317829457365,0.4892086330935252,0.53125,0.5184097088236158,0.04498002692600365,0.24652777777777776,0.35416666666666663,0.4246031746031746,0.26325493612078976,0.6714423253255088,0.39199897609878354,0.15383094629815902,35,0.7803267505540088,0.7161610461287347,0.7230472822599817,0.721200619919562,0.7107976071203363,0.7303066611965248,0.02537057163804748
7,0.005602264404296875,0.0008003241255578542,0.008956289291381836,0.000813786597464663,balanced,,5,5,42,"{'class_weight': 'balanced', 'max_depth': None, 'min_samples_leaf': 5, 'min_samples_split': 5, 'random_state': 42}",0.04556456040751772,0.1431404493185756,0.2355861222951437,0.14176309953498964,0.4657022752978942,0.2063513013708242,0.14292461378961704,47,0.6328657214123729,0.5232630265075443,0.5816634680939423,0.5506606774153504,0.585041183299028,0.5746988153456476,0.03677589529220634,0.08333333333333333,0.16216216216216214,0.22857142857142856,0.15,0.44444444444444436,0.2137022737022737,0.12423643951003974,47,0.5892857142857143,0.4551724137931034,0.5271317829457365,0.4892086330935252,0.53125,0.5184097088236158,0.04498002692600365,0.24652777777777776,0.35416666666666663,0.4246031746031746,0.26325493612078976,0.6714423253255088,0.39199897609878354,0.15383094629815902,35,0.7803267505540088,0.7161610461287347,0.7230472822599817,0.721200619919562,0.7107976071203363,0.7303066611965248,0.02537057163804748
8,0.005434179306030273,0.0003216384725756759,0.008602762222290039,0.000797242946652801,balanced,,5,10,42,"{'class_weight': 'balanced', 'max_depth': None, 'min_samples_leaf': 5, 'min_samples_split': 10, 'random_state': 42}",0.04556456040751772,0.1431404493185756,0.2355861222951437,0.14176309953498964,0.4657022752978942,0.2063513013708242,0.14292461378961704,47,0.6328657214123729,0.5232630265075443,0.5816634680939423,0.5506606774153504,0.585041183299028,0.5746988153456476,0.03677589529220634,0.08333333333333333,0.16216216216216214,0.22857142857142856,0.15,0.44444444444444436,0.2137022737022737,0.12423643951003974,47,0.5892857142857143,0.4551724137931034,0.5271317829457365,0.4892086330935252,0.53125,0.5184097088236158,0.04498002692600365,0.24652777777777776,0.35416666666666663,0.4246031746031746,0.26325493612078976,0.6714423253255088,0.39199897609878354,0.15383094629815902,35,0.7803267505540088,0.7161610461287347,0.7230472822599817,0.721200619919562,0.7107976071203363,0.7303066611965248,0.02537057163804748
9,0.00475606918334961,0.00029490262266344575,0.008800792694091796,0.0015996467268693706,balanced,3,1,2,42,"{'class_weight': 'balanced', 'max_depth': 3, 'min_samples_leaf': 1, 'min_samples_split': 2, 'random_state': 42}",0.16228460869251327,0.234663156465349,0.15700209757119013,-0.011256328961764312,0.18620445693553492,0.14577959814056457,0.08317824044393694,67,0.500667087720059,0.34356380523086805,0.2721581523478112,0.21424789808716888,0.20755880429766166,0.3076391495367138,0.1082102290156118,0.1904761904761905,0.24242424242424243,0.14814814814814817,0.048,0.14285714285714285,0.15438114478114479,0.06409842462750188,67,0.5135135135135135,0.3255813953488372,0.2383419689119171,0.15591397849462366,0.17813765182186236,0.28229770161815076,0.12968307344852306,0.2642889363722697,0.20358616925385953,0.2690972222222222,0.06910532558161812,0.6492959078035488,0.29107471224670367,0.19310492825126557,61,0.5287605612723774,0.37972100226388905,0.2942547955910806,0.3854975507011648,0.2209865032349897,0.3618440826127003,0.10310126191779849
10,0.004679155349731445,0.000574464614401153,0.008000516891479492,1.1243654367972943e-06,balanced,3,1,5,42,"{'class_weight': 'balanced', 'max_depth': 3, 'min_samples_leaf': 1, 'min_samples_split': 5, 'random_state': 42}",0.16228460869251327,0.234663156465349,0.15700209757119013,-0.011256328961764312,0.18620445693553492,0.14577959814056457,0.08317824044393694,67,0.500667087720059,0.34356380523086805,0.2721581523478112,0.21424789808716888,0.20755880429766166,0.3076391495367138,0.1082102290156118,0.1904761904761905,0.24242424242424243,0.14814814814814817,0.048,0.14285714285714285,0.15438114478114479,0.06409842462750188,67,0.5135135135135135,0.3255813953488372,0.2383419689119171,0.15591397849462366,0.17813765182186236,0.28229770161815076,0.12968307344852306,0.2642889363722697,0.20358616925385953,0.2690972222222222,0.06910532558161812,0.6492959078035488,0.29107471224670367,0.19310492825126557,61,0.5287605612723774,0.37972100226388905,0.2942547955910806,0.3854975507011648,0.2209865032349897,0.3618440826127003,0.10310126191779849
11,0.005199956893920899,0.00040099735286496424,0.007801342010498047,0.0004022361649833973,balanced,3,1,10,42,"{'class_weight': 'balanced', 'max_depth': 3, 'min_samples_leaf': 1, 'min_samples_split': 10, 'random_state': 42}",0.16228460869251327,0.234663156465349,0.15700209757119013,-0.011256328961764312,0.18620445693553492,0.14577959814056457,0.08317824044393694,67,0.500667087720059,0.34356380523086805,0.2721581523478112,0.21424789808716888,0.20755880429766166,0.3076391495367138,0.1082102290156118,0.1904761904761905,0.24242424242424243,0.14814814814814817,0.048,0.14285714285714285,0.15438114478114479,0.06409842462750188,67,0.5135135135135135,0.3255813953488372,0.2383419689119171,0.15591397849462366,0.17813765182186236,0.28229770161815076,0.12968307344852306,0.2642889363722697,0.20358616925385953,0.2690972222222222,0.06910532558161812,0.6492959078035488,0.29107471224670367,0.19310492825126557,61,0.5287605612723774,0.37972100226388905,0.2942547955910806,0.3854975507011648,0.2209865032349897,0.3618440826127003,0.10310126191779849
12,0.005492591857910156,0.0009570164720774347,0.007553386688232422,0.00040162701661257335,balanced,3,2,2,42,"{'class_weight': 'balanced', 'max_depth': 3, 'min_samples_leaf': 2, 'min_samples_split': 2, 'random_state': 42}",0.16228460869251327,0.234663156465349,0.15700209757119013,-0.010069331938962454,0.18620445693553492,0.14601699754512495,0.08273019186537142,64,0.500667087720059,0.34356380523086805,0.2721581523478112,0.21373082244548522,0.20755880429766166,0.307535734408377,0.10829964256115804,0.1904761904761905,0.24242424242424243,0.14814814814814817,0.04838709677419355,0.14285714285714285,0.15445856413598347,0.06396999371237765,64,0.5135135135135135,0.3255813953488372,0.2383419689119171,0.1554959785522788,0.17813765182186236,0.28221410162968175,0.12976462865696067,0.2642889363722697,0.20358616925385953,0.2690972222222222,0.08166374265793519,0.6492959078035488,0.2935863956619671,0.19026222398278297,58,0.5287605612723774,0.37972100226388905,0.2942547955910806,0.36894719316989766,0.2209865032349897,0.35853401110644684,0.10255294808566512
13,0.004317474365234375,0.00037265711375363274,0.008705949783325196,0.0012537782232914234,balanced,3,2,5,42,"{'class_weight': 'balanced', 'max_depth': 3, 'min_samples_leaf': 2, 'min_samples_split': 5, 'random_state': 42}",0.16228460869251327,0.234663156465349,0.15700209757119013,-0.010069331938962454,0.18620445693553492,0.14601699754512495,0.08273019186537142,64,0.500667087720059,0.34356380523086805,0.2721581523478112,0.21373082244548522,0.20755880429766166,0.307535734408377,0.10829964256115804,0.1904761904761905,0.24242424242424243,0.14814814814814817,0.04838709677419355,0.14285714285714285,0.15445856413598347,0.06396999371237765,64,0.5135135135135135,0.3255813953488372,0.2383419689119171,0.1554959785522788,0.17813765182186236,0.28221410162968175,0.12976462865696067,0.2642889363722697,0.20358616925385953,0.2690972222222222,0.08166374265793519,0.6492959078035488,0.2935863956619671,0.19026222398278297,58,0.5287605612723774,0.37972100226388905,0.2942547955910806,0.36894719316989766,0.2209865032349897,0.35853401110644684,0.10255294808566512
14,0.004820585250854492,0.0004551012377448944,0.007810354232788086,0.0007504804439593447,balanced,3,2,10,42,"{'class_weight': 'balanced', 'max_depth': 3, 'min_samples_leaf': 2, 'min_samples_split': 10, 'random_state': 42}",0.16228460869251327,0.234663156465349,0.15700209757119013,-0.010069331938962454,0.18620445693553492,0.14601699754512495,0.08273019186537142,64,0.500667087720059,0.34356380523086805,0.2721581523478112,0.21373082244548522,0.20755880429766166,0.307535734408377,0.10829964256115804,0.1904761904761905,0.24242424242424243,0.14814814814814817,0.04838709677419355,0.14285714285714285,0.15445856413598347,0.06396999371237765,64,0.5135135135135135,0.3255813953488372,0.2383419689119171,0.1554959785522788,0.17813765182186236,0.28221410162968175,0.12976462865696067,0.2642889363722697,0.20358616925385953,0.2690972222222222,0.08166374265793519,0.6492959078035488,0.2935863956619671,0.19026222398278297,58,0.5287605612723774,0.37972100226388905,0.2942547955910806,0.36894719316989766,0.2209865032349897,0.35853401110644684,0.10255294808566512
15,0.004840230941772461,0.00037185290892921194,0.008399295806884765,0.0010211718226871415,balanced,3,5,2,42,"{'class_weight': 'balanced', 'max_depth': 3, 'min_samples_leaf': 5, 'min_samples_split': 2, 'random_state': 42}",0.16228460869251327,0.2105006607626112,0.15700209757119013,-0.010069331938962454,0.18620445693553492,0.14118449840457742,0.07798032998304823,70,0.47567843391462383,0.3351412254077461,0.26760150837501445,0.20196798014113693,0.20452665257994318,0.2969831600836929,0.10181101167872109,0.1904761904761905,0.21621621621621623,0.14814814814814817,0.04838709677419355,0.14285714285714285,0.14921695889437822,0.05727036822653346,70,0.4871794871794872,0.31578947368421056,0.233502538071066,0.1497326203208556,0.1752988047808765,0.2723005848072992,0.1216567020904448,0.2642889363722697,0.20063546576083813,0.4565972222222222,0.1851203930550403,0.6492959078035488,0.3511875850427838,0.17763749138359164,45,0.5132410774974777,0.42093002442996175,0.45664344076469665,0.45776272593138523,0.3981141630531048,0.44933828633532524,0.039086681446687546
16,0.004621076583862305,0.0005090216540580478,0.009466838836669923,0.002465305209651431,balanced,3,5,5,42,"{'class_weight': 'balanced', 'max_depth': 3, 'min_samples_leaf': 5, 'min_samples_split': 5, 'random_state': 42}",0.16228460869251327,0.2105006607626112,0.15700209757119013,-0.010069331938962454,0.18620445693553492,0.14118449840457742,0.07798032998304823,70,0.47567843391462383,0.3351412254077461,0.26760150837501445,0.20196798014113693,0.20452665257994318,0.2969831600836929,0.10181101167872109,0.1904761904761905,0.21621621621621623,0.14814814814814817,0.04838709677419355,0.14285714285714285,0.14921695889437822,0.05727036822653346,70,0.4871794871794872,0.31578947368421056,0.233502538071066,0.1497326203208556,0.1752988047808765,0.2723005848072992,0.1216567020904448,0.2642889363722697,0.20063546576083813,0.4565972222222222,0.1851203930550403,0.6492959078035488,0.3511875850427838,0.17763749138359164,45,0.5132410774974777,0.42093002442996175,0.45664344076469665,0.45776272593138523,0.3981141630531048,0.44933828633532524,0.039086681446687546
17,0.005197572708129883,0.00039885207637118894,0.007870721817016601,0.0004525745445527799,balanced,3,5,10,42,"{'class_weight': 'balanced', 'max_depth': 3, 'min_samples_leaf': 5, 'min_samples_split': 10, 'random_state': 42}",0.16228460869251327,0.2105006607626112,0.15700209757119013,-0.010069331938962454,0.18620445693553492,0.14118449840457742,0.07798032998304823,70,0.47567843391462383,0.3351412254077461,0.26760150837501445,0.20196798014113693,0.20452665257994318,0.2969831600836929,0.10181101167872109,0.1904761904761905,0.21621621621621623,0.14814814814814817,0.04838709677419355,0.14285714285714285,0.14921695889437822,0.05727036822653346,70,0.4871794871794872,0.31578947368421056,0.233502538071066,0.1497326203208556,0.1752988047808765,0.2723005848072992,0.1216567020904448,0.2642889363722697,0.20063546576083813,0.4565972222222222,0.1851203930550403,0.6492959078035488,0.3511875850427838,0.17763749138359164,45,0.5132410774974777,0.42093002442996175,0.45664344076469665,0.45776272593138523,0.3981141630531048,0.44933828633532524,0.039086681446687546
18,0.00533447265625,0.0005722218868502308,0.008178997039794921,0.0005238642570757103,balanced,5,1,2,42,"{'class_weight': 'balanced', 'max_depth': 5, 'min_samples_leaf': 1, 'min_samples_split': 2, 'random_state': 42}",0.1624591083221647,0.28339599185343617,0.28628939985455826,0.026476600648607088,0.18409967502498,0.18854415514074926,0.09541182220461289,52,0.4984465606894912,0.45729116578924184,0.531337288976184,0.3034156021081595,0.2556867115061605,0.4092354658138474,0.10950058307857136,0.18181818181818182,0.2962962962962963,0.28571428571428575,0.06315789473684211,0.1411764705882353,0.19363262583076826,0.08824255898889824,52,0.5,0.44660194174757284,0.5263157894736843,0.2125,0.18289085545722714,0.3736617173356968,0.14625424754213143,0.2563492063492063,0.293248780993879,0.4038828061638281,0.12173194761504266,0.6569686411149827,0.3464362764473877,0.1795366695413482,49,0.627012987012987,0.5053704749356923,0.6128141461648617,0.5364477753689182,0.47956698531705816,0.5522424737599035,0.058288490358746316
19,0.006890392303466797,0.0030769388646991326,0.007933807373046876,0.0001336098568172034,balanced,5,1,5,42,"{'class_weight': 'balanced', 'max_depth': 5, 'min_samples_leaf': 1, 'min_samples_split': 5, 'random_state': 42}",0.1624591083221647,0.28339599185343617,0.28628939985455826,0.025112195458476882,0.18409967502498,0.1882712741027232,0.09587577377861749,53,0.48869430869377994,0.45729116578924184,0.531337288976184,0.3034156021081595,0.2556867115061605,0.40728501541470513,0.10797032504521291,0.18181818181818182,0.2962962962962963,0.28571428571428575,0.0625,0.1411764705882353,0.19350104688339984,0.08843728808900565,53,0.4888888888888889,0.44660194174757284,0.5263157894736843,0.2125,0.18289085545722714,0.3714394951134746,0.14439028544894145,0.2563492063492063,0.293248780993879,0.4038828061638281,0.1050162997571534,0.6569686411149827,0.34309314687580994,0.1837948670243286,52,0.6167196907870396,0.5053704749356923,0.6128141461648617,0.5364477753689182,0.47956698531705816,0.5501838145147141,0.055737298132407104
20,0.00581202507019043,0.00038949186358264957,0.008373069763183593,0.0006003729277568235,balanced,5,1,10,42,"{'class_weight': 'balanced', 'max_depth': 5, 'min_samples_leaf': 1, 'min_samples_split': 10, 'random_state': 42}",0.1624591083221647,0.28339599185343617,0.28628939985455826,0.025112195458476882,0.18409967502498,0.1882712741027232,0.09587577377861749,53,0.47942507152395825,0.45729116578924184,0.531337288976184,0.3034156021081595,0.2556867115061605,0.40543116798074086,0.10662784473443165,0.18181818181818182,0.2962962962962963,0.28571428571428575,0.0625,0.1411764705882353,0.19350104688339984,0.08843728808900565,53,0.47826086956521735,0.44660194174757284,0.5263157894736843,0.2125,0.18289085545722714,0.36931389124874026,0.14271413920332648,0.2563492063492063,0.293248780993879,0.4038828061638281,0.1050162997571534,0.6569686411149827,0.34309314687580994,0.1837948670243286,52,0.5996417508849023,0.5053704749356923,0.6128141461648617,0.5364477753689182,0.47956698531705816,0.5467682265342866,0.051949909428054525
21,0.0056896209716796875,0.0007505353705589969,0.012600469589233398,0.006119506956260266,balanced,5,2,2,42,"{'class_weight': 'balanced', 'max_depth': 5, 'min_samples_leaf': 2, 'min_samples_split': 2, 'random_state': 42}",0.1624591083221647,0.28339599185343617,0.28628939985455826,0.02785170289017204,0.18409967502498,0.18881917558906225,0.09494511350462322,50,0.4984465606894912,0.45364874597019367,0.531337288976184,0.3055480502682195,0.2556867115061605,0.4089334714820498,0.10878222116854912,0.18181818181818182,0.2962962962962963,0.28571428571428575,0.06382978723404255,0.1411764705882353,0.19376700433020835,0.08804405403021337,50,0.5,0.44230769230769235,0.5263157894736843,0.21451104100946372,0.18289085545722714,0.37320507564961347,0.14539485148761996,0.2563492063492063,0.293248780993879,0.4038828061638281,0.2717820679037355,0.6569686411149827,0.3764463005051263,0.14949601084146064,39,0.627012987012987,0.5474647725349278,0.6128141461648617,0.5760341484181551,0.47956698531705816,0.568578607889598,0.0525277214259131
22,0.005486583709716797,0.0004476055342536246,0.008600378036499023,0.0008013373731197241,balanced,5,2,5,42,"{'class_weight': 'balanced', 'max_depth': 5, 'min_samples_leaf': 2, 'min_samples_split': 5, 'random_state': 42}",0.1624591083221647,0.28339599185343617,0.28628939985455826,0.02785170289017204,0.18409967502498,0.18881917558906225,0.09494511350462322,50,0.48869430869377994,0.45364874597019367,0.531337288976184,0.3055480502682195,0.2556867115061605,0.40698302108290746,0.10723622050527037,0.18181818181818182,0.2962962962962963,0.28571428571428575,0.06382978723404255,0.1411764705882353,0.19376700433020835,0.08804405403021337,50,0.4888888888888889,0.44230769230769235,0.5263157894736843,0.21451104100946372,0.18289085545722714,0.37098285342739123,0.14351265772890553,0.2563492063492063,0.293248780993879,0.4038828061638281,0.2717820679037355,0.6569686411149827,0.3764463005051263,0.14949601084146064,39,0.6167196907870396,0.5474647725349278,0.6128141461648617,0.5760341484181551,0.47956698531705816,0.5665199486444086,0.05035395595294378
23,0.005285930633544922,0.0005744935467265191,0.008600330352783203,0.0010190755600850041,balanced,5,2,10,42,"{'class_weight': 'balanced', 'max_depth': 5, 'min_samples_leaf': 2, 'min_samples_split': 10, 'random_state': 42}",0.1624591083221647,0.28339599185343617,0.28628939985455826,0.025112195458476882,0.18409967502498,0.1882712741027232,0.09587577377861749,53,0.47942507152395825,0.45364874597019367,0.531337288976184,0.3020104885981883,0.2556867115061605,0.404421661314937,0.10655189115461612,0.18181818181818182,0.2962962962962963,0.28571428571428575,0.0625,0.1411764705882353,0.19350104688339984,0.08843728808900565,53,0.47826086956521735,0.44230769230769235,0.5263157894736843,0.21118012422360247,0.18289085545722714,0.3681910662054847,0.14254870605547845,0.2563492063492063,0.293248780993879,0.4038828061638281,0.27168296642382006,0.6569686411149827,0.37642648020914327,0.149509891916972,41,0.5996417508849023,0.5474647725349278,0.6128141461648617,0.5666645881374999,0.47956698531705816,0.56123044860785,0.04695583231738349
24,0.005886650085449219,0.00022487958876705777,0.00760035514831543,0.0004914797253229992,balanced,5,5,2,42,"{'class_weight': 'balanced', 'max_depth': 5, 'min_samples_leaf': 5, 'min_samples_split': 2, 'random_state': 42}",0.1624591083221647,0.22196372533573092,0.2776551998391295,0.026476600648607088,0.18409967502498,0.17453086183412245,0.08371601913953738,61,0.46218124188473003,0.4093280392288582,0.5219821228486307,0.3034156021081595,0.25815339096066564,0.3910120794062088,0.09785525053049172,0.18181818181818182,0.2285714285714286,0.27586206896551724,0.06315789473684211,0.1411764705882353,0.178117208936041,0.07306660689029339,61,0.4583333333333333,0.3898305084745763,0.5154639175257733,0.2125,0.1850746268656716,0.35224047723987084,0.13174400823689542,0.2563492063492063,0.37381889763779524,0.4689225327812284,0.23006528094837597,0.6569686411149827,0.3972249117663177,0.1555271692306487,29,0.590479168527949,0.5255514926056661,0.590152294135913,0.5662127188111715,0.498418492187154,0.5541628332535707,0.03656598862033789
25,0.005399751663208008,0.0004904334128616039,0.010000371932983398,0.003033166323002093,balanced,5,5,5,42,"{'class_weight': 'balanced', 'max_depth': 5, 'min_samples_leaf': 5, 'min_samples_split': 5, 'random_state': 42}",0.1624591083221647,0.22196372533573092,0.2776551998391295,0.026476600648607088,0.18409967502498,0.17453086183412245,0.08371601913953738,61,0.46218124188473003,0.4093280392288582,0.5219821228486307,0.3034156021081595,0.25815339096066564,0.3910120794062088,0.09785525053049172,0.18181818181818182,0.2285714285714286,0.27586206896551724,0.06315789473684211,0.1411764705882353,0.178117208936041,0.07306660689029339,61,0.4583333333333333,0.3898305084745763,0.5154639175257733,0.2125,0.1850746268656716,0.35224047723987084,0.13174400823689542,0.2563492063492063,0.37381889763779524,0.4689225327812284,0.23006528094837597,0.6569686411149827,0.3972249117663177,0.1555271692306487,29,0.590479168527949,0.5255514926056661,0.590152294135913,0.5662127188111715,0.498418492187154,0.5541628332535707,0.03656598862033789
26,0.0065975189208984375,0.0017428098916069698,0.008203458786010743,0.0003994965046668546,balanced,5,5,10,42,"{'class_weight': 'balanced', 'max_depth': 5, 'min_samples_leaf': 5, 'min_samples_split': 10, 'random_state': 42}",0.1624591083221647,0.22196372533573092,0.2776551998391295,0.026476600648607088,0.18409967502498,0.17453086183412245,0.08371601913953738,61,0.46218124188473003,0.4093280392288582,0.5219821228486307,0.3034156021081595,0.25815339096066564,0.3910120794062088,0.09785525053049172,0.18181818181818182,0.2285714285714286,0.27586206896551724,0.06315789473684211,0.1411764705882353,0.178117208936041,0.07306660689029339,61,0.4583333333333333,0.3898305084745763,0.5154639175257733,0.2125,0.1850746268656716,0.35224047723987084,0.13174400823689542,0.2563492063492063,0.37381889763779524,0.4689225327812284,0.23006528094837597,0.6569686411149827,0.3972249117663177,0.1555271692306487,29,0.590479168527949,0.5255514926056661,0.590152294135913,0.5662127188111715,0.498418492187154,0.5541628332535707,0.03656598862033789
27,0.00639958381652832,0.0007998012468663337,0.008602380752563477,0.0007997162346333104,balanced,10,1,2,42,"{'class_weight': 'balanced', 'max_depth': 10, 'min_samples_leaf': 1, 'min_samples_split': 2, 'random_state': 42}",0.0553506682148564,0.20095352149607293,0.34074440625264074,0.1380236181298128,0.30795556349645836,0.20860555551796828,0.10569628560288517,46,0.5837087797377258,0.5232630265075443,0.6340940884970857,0.5506606774153504,0.49761049580893446,0.5578674135933281,0.047662519790478725,0.0909090909090909,0.2222222222222222,0.3478260869565218,0.14634146341463414,0.2857142857142857,0.21860262984335094,0.09245874077684765,46,0.5438596491228069,0.4551724137931034,0.5913043478260869,0.4892086330935252,0.425,0.5009090087671044,0.060011644458848705,0.11319444444444444,0.22083333333333333,0.2638888888888889,0.15492160278745645,0.6354529616724739,0.2776582462253194,0.18630531396992542,66,0.833198169878407,0.8319475412510906,0.8604817713939623,0.7946770753756047,0.6994307015218705,0.803947051884187,0.056294635226236255
28,0.006001853942871093,0.0006336170208738707,0.008199977874755859,0.0004000432834166933,balanced,10,1,5,42,"{'class_weight': 'balanced', 'max_depth': 10, 'min_samples_leaf': 1, 'min_samples_split': 5, 'random_state': 42}",0.050320528587389834,0.20095352149607293,0.370338830195875,0.14176309953498964,0.3010011468417978,0.212875425331225,0.11329965206471833,44,0.5760182801373134,0.5156459821156163,0.6299209629922625,0.5506606774153504,0.4889383097617766,0.5522368424844639,0.04888447393520617,0.08695652173913043,0.2222222222222222,0.380952380952381,0.15,0.2777777777777778,0.2235817805383023,0.10176964199545094,44,0.5344827586206897,0.44594594594594594,0.5862068965517241,0.4892086330935252,0.41463414634146345,0.4940956761106697,0.06127317158832447,0.11319444444444444,0.22083333333333333,0.2371031746031746,0.1840882694541231,0.5798974061169183,0.26702332559039876,0.16214836989378859,68,0.7930962317438507,0.8057088000444912,0.8475955513296837,0.7951897206250921,0.6603643957210916,0.7803909398928418,0.06315734873952358
29,0.00579991340637207,0.00040025753664726173,0.008000707626342774,0.0006314303611687015,balanced,10,1,10,42,"{'class_weight': 'balanced', 'max_depth': 10, 'min_samples_leaf': 1, 'min_samples_split': 10, 'random_state': 42}",0.047910499467788595,0.14762710664677892,0.2776551998391295,0.11520509799449366,0.30795556349645836,0.17927069348892982,0.09859059239723872,57,0.5614174214747686,0.4835578069387491,0.5750898196211258,0.5137824198860966,0.48474462073536034,0.5237184177312202,0.03818583868417038,0.0851063829787234,0.16666666666666666,0.27586206896551724,0.12499999999999999,0.2857142857142857,0.1876698808650386,0.08034735519874973,57,0.5166666666666667,0.40740740740740744,0.5190839694656488,0.4444444444444445,0.40963855421686746,0.45944820844020695,0.04948683767411561,0.24652777777777776,0.22083333333333333,0.39513888888888893,0.2778382694541231,0.5798974061169183,0.3440471351142083,0.13214461588156118,50,0.7588589181940221,0.7763180366642312,0.7556003121298694,0.7359221419214558,0.6493457241068945,0.7352090266032946,0.044806445641034615
30,0.005799722671508789,0.0004000442212305257,0.008799409866333008,0.0007489916926524179,balanced,10,2,2,42,"{'class_weight': 'balanced', 'max_depth': 10, 'min_samples_leaf': 2, 'min_samples_split': 2, 'random_state': 42}",0.05279899592349905,0.20095352149607293,0.370338830195875,0.1309467562291844,0.3010011468417978,0.21120785013728582,0.11404022491384648,45,0.6042076499901157,0.5181527833864831,0.6299209629922625,0.5506606774153504,0.4889383097617766,0.5583760767091976,0.05237985882625847,0.08888888888888888,0.2222222222222222,0.380952380952381,0.1395348837209302,0.2777777777777778,0.22187523071244,0.1028552913118752,45,0.5688073394495412,0.4489795918367347,0.5862068965517241,0.4892086330935252,0.41463414634146345,0.5015673214545977,0.06657426096052568,0.11319444444444444,0.22083333333333333,0.2371031746031746,0.30151251187836553,0.5798974061169183,0.29050817407524726,0.15685283496880884,64,0.8309806636432022,0.8064963858823508,0.8486286854809599,0.7606328355187741,0.6603643957210916,0.7814205932492758,0.06736268617936084
31,0.005820274353027344,0.0003590603115338867,0.012598705291748048,0.00971908509773401,balanced,10,2,5,42,"{'class_weight': 'balanced', 'max_depth': 10, 'min_samples_leaf': 2, 'min_samples_split': 5, 'random_state': 42}",0.07916236153522926,0.20095352149607293,0.370338830195875,0.1309467562291844,0.3010011468417978,0.21648052325963185,0.10698551775783392,43,0.5957783711349075,0.5131704710240634,0.6299209629922625,0.5506606774153504,0.4889383097617766,0.5556937584656721,0.051780895851721444,0.1111111111111111,0.2222222222222222,0.380952380952381,0.1395348837209302,0.2777777777777778,0.22631967515688442,0.09734537729301981,43,0.5585585585585585,0.44295302013422816,0.5862068965517241,0.4892086330935252,0.41463414634146345,0.4983122509358998,0.06558144827828301,0.11319444444444444,0.22083333333333333,0.2371031746031746,0.30151251187836553,0.5798974061169183,0.29050817407524726,0.15685283496880884,64,0.8017184154931947,0.8050878798760595,0.8475955513296837,0.7606328355187741,0.6603643957210916,0.7750798155877607,0.06361913807298042
32,0.00565648078918457,0.0004305210310456764,0.009083366394042969,0.0008110984026283593,balanced,10,2,10,42,"{'class_weight': 'balanced', 'max_depth': 10, 'min_samples_leaf': 2, 'min_samples_split': 10, 'random_state': 42}",0.043278735048383025,0.15232804679903103,0.2776551998391295,0.11520509799449366,0.30795556349645836,0.1792845286354991,0.0995624682285242,56,0.5544777478899078,0.4814584275699566,0.5750898196211258,0.511389234895782,0.48474462073536034,0.5214319701424265,0.03745901889040368,0.0816326530612245,0.17142857142857146,0.27586206896551724,0.12499999999999999,0.2857142857142857,0.18792751583391978,0.08102520998488617,56,0.5081967213114755,0.4049079754601227,0.5190839694656488,0.4415584415584416,0.40963855421686746,0.4566771324025112,0.048311757605503894,0.24652777777777776,0.22083333333333333,0.39513888888888893,0.3090882694541231,0.5798974061169183,0.3502971351142083,0.12957946861186878,48,0.7639257826401793,0.7769878937404711,0.7556003121298694,0.7228929482371285,0.6493457241068945,0.7337505321709086,0.04582463707185785
33,0.005686283111572266,0.0005818987070684283,0.009035396575927734,0.001529368191457867,balanced,10,5,2,42,"{'class_weight': 'balanced', 'max_depth': 10, 'min_samples_leaf': 5, 'min_samples_split': 2, 'random_state': 42}",0.047910499467788595,0.11982695567039121,0.22429259580683783,0.11233643359579606,0.3890199309016111,0.17867728308848493,0.11940620359977985,58,0.5318672920364625,0.44897502418519575,0.5506439309504915,0.47662458364336807,0.5287767204757564,0.507377510258255,0.03817394829956454,0.0851063829787234,0.13953488372093023,0.2162162162162162,0.12244897959183672,0.3529411764705882,0.18324952779565895,0.0949966439601497,58,0.48062015503875966,0.36666666666666664,0.4892086330935252,0.4,0.46258503401360546,0.4398160977625114,0.048081553646517665,0.24652777777777776,0.35416666666666663,0.4246031746031746,0.30075493612078974,0.6944686411149825,0.40410423925667827,0.1566760179759101,22,0.7451412743485738,0.6935087248438416,0.7114479088880318,0.6745074804051461,0.6747957653827235,0.6998802307736633,0.026442300185398733
34,0.005884599685668945,0.0004715899341104334,0.007798528671264649,0.0004025064221706106,balanced,10,5,5,42,"{'class_weight': 'balanced', 'max_depth': 10, 'min_samples_leaf': 5, 'min_samples_split': 5, 'random_state': 42}",0.047910499467788595,0.11982695567039121,0.22429259580683783,0.11233643359579606,0.3890199309016111,0.17867728308848493,0.11940620359977985,58,0.5318672920364625,0.44897502418519575,0.5506439309504915,0.47662458364336807,0.5287767204757564,0.507377510258255,0.03817394829956454,0.0851063829787234,0.13953488372093023,0.2162162162162162,0.12244897959183672,0.3529411764705882,0.18324952779565895,0.0949966439601497,58,0.48062015503875966,0.36666666666666664,0.4892086330935252,0.4,0.46258503401360546,0.4398160977625114,0.048081553646517665,0.24652777777777776,0.35416666666666663,0.4246031746031746,0.30075493612078974,0.6944686411149825,0.40410423925667827,0.1566760179759101,22,0.7451412743485738,0.6935087248438416,0.7114479088880318,0.6745074804051461,0.6747957653827235,0.6998802307736633,0.026442300185398733
35,0.005885791778564453,0.00047287408458961317,0.010399770736694337,0.004840817470619715,balanced,10,5,10,42,"{'class_weight': 'balanced', 'max_depth': 10, 'min_samples_leaf': 5, 'min_samples_split': 10, 'random_state': 42}",0.047910499467788595,0.11982695567039121,0.22429259580683783,0.11233643359579606,0.3890199309016111,0.17867728308848493,0.11940620359977985,58,0.5318672920364625,0.44897502418519575,0.5506439309504915,0.47662458364336807,0.5287767204757564,0.507377510258255,0.03817394829956454,0.0851063829787234,0.13953488372093023,0.2162162162162162,0.12244897959183672,0.3529411764705882,0.18324952779565895,0.0949966439601497,58,0.48062015503875966,0.36666666666666664,0.4892086330935252,0.4,0.46258503401360546,0.4398160977625114,0.048081553646517665,0.24652777777777776,0.35416666666666663,0.4246031746031746,0.30075493612078974,0.6944686411149825,0.40410423925667827,0.1566760179759101,22,0.7451412743485738,0.6935087248438416,0.7114479088880318,0.6745074804051461,0.6747957653827235,0.6998802307736633,0.026442300185398733
36,0.005827713012695313,0.0003579048165223735,0.007999086380004882,1.7816106502789882e-06,,,1,2,42,"{'class_weight': None, 'max_depth': None, 'min_samples_leaf': 1, 'min_samples_split': 2, 'random_state': 42}",0.31972841723961565,0.49025023976741067,0.40726903509977214,0.41909710929597527,0.6593091991408011,0.459130800108715,0.11381140046870182,35,0.8493878457917313,0.8493878457917313,0.8184546091133409,0.800113314540403,0.7622032976561592,0.8159093825786732,0.03280839069354939,0.30769230769230765,0.46153846153846156,0.4210526315789474,0.42857142857142855,0.6666666666666666,0.45710429920956236,0.11693916222099286,35,0.8421052631578948,0.8421052631578948,0.8070175438596492,0.7857142857142858,0.7407407407407407,0.8035366193260931,0.038074020939044356,0.13541666666666666,0.2708333333333333,0.19570707070707072,0.24689182768451062,0.45688153310104535,0.26114608629852537,0.1083508592501909,69,0.9444679351656096,0.9439701248687128,0.924883276673558,0.9112356053532524,0.8854886782299127,0.9220091240582091,0.02211224174522672
37,0.006400966644287109,0.0013539570117926392,0.007800769805908203,0.00039801784684950417,,,1,5,42,"{'class_weight': None, 'max_depth': None, 'min_samples_leaf': 1, 'min_samples_split': 5, 'random_state': 42}",0.31972841723961565,0.5712405705774793,0.4553825555391872,0.3338768099859727,0.614247311827957,0.4588951330340424,0.11980408246487957,36,0.8129511096435482,0.6916775463060779,0.7430258993183871,0.7527396668842455,0.7251617051128777,0.7451111854530273,0.03979430366199114,0.30769230769230765,0.5,0.47058823529411764,0.35294117647058826,0.625,0.4512443438914027,0.11243934185931535,36,0.8070175438596493,0.6666666666666666,0.7272727272727274,0.7540983606557378,0.7142857142857143,0.7338682025480991,0.04626684773539615,0.16527777777777777,0.35416666666666663,0.2361111111111111,0.27739882069150357,0.6354529616724739,0.3336814675839066,0.16280859410342483,55,0.9261509203864473,0.8345284345284345,0.8650661403760802,0.8676119424377938,0.8574961334801301,0.8701707142417773,0.030322943683431042
38,0.0065972328186035155,0.0011980789229289605,0.011403226852416992,0.005349821993114027,,,1,10,42,"{'class_weight': None, 'max_depth': None, 'min_samples_leaf': 1, 'min_samples_split': 10, 'random_state': 42}",0.37468467532501337,0.5712405705774793,0.4553825555391872,0.6069578958411725,0.5670440593180477,0.51506195132018,0.08668385239428562,28,0.7132152573191274,0.6221012305884396,0.722928061134082,0.6133877541397407,0.6367050283590628,0.6616674663080905,0.04675377238468053,0.3333333333333333,0.5,0.47058823529411764,0.5454545454545454,0.5714285714285715,0.48416093710211355,0.08313435707609922,28,0.6923076923076923,0.5652173913043478,0.7037037037037037,0.5714285714285713,0.6,0.626531471748863,0.0596351065288236,0.2023148148148148,0.3784722222222222,0.2361111111111111,0.42465156794425085,0.6109727106503705,0.3705044853485539,0.14640334905834057,44,0.8399184548619432,0.7416626409380463,0.8227351066627622,0.7509682053899684,0.739576091063775,0.7789720997832991,0.043261803688823104
39,0.006398582458496093,0.0004911316389025198,0.008201932907104493,0.0003979993431452119,,,2,2,42,"{'class_weight': None, 'max_depth': None, 'min_samples_leaf': 2, 'min_samples_split': 2, 'random_state': 42}",0.37468467532501337,0.49025023976741067,0.5670807236297686,0.38487592843244733,0.5220925637866243,0.4677968261882529,0.07596739184267517,33,0.7341641618442102,0.7195233256937965,0.6836570516723818,0.7332240139546241,0.6620305437755613,0.7065198193881147,0.028804224154353065,0.3333333333333333,0.46153846153846156,0.5714285714285715,0.39999999999999997,0.5333333333333333,0.4599267399267399,0.0865342577035802,33,0.7169811320754716,0.7142857142857143,0.6666666666666667,0.7333333333333334,0.6415094339622641,0.6945552560646899,0.03460515231652409,0.18858932461873637,0.35416666666666663,0.3472222222222222,0.4183490469358475,0.5585298847493969,0.37337142903857395,0.11958567628410975,43,0.867180231776505,0.8482467668719904,0.8199737685339703,0.8518242263177024,0.8019943927615649,0.8378438772523467,0.023532183464592415
40,0.005997753143310547,0.0006315834721686447,0.007803010940551758,0.00039914344682847664,,,2,5,42,"{'class_weight': None, 'max_depth': None, 'min_samples_leaf': 2, 'min_samples_split': 5, 'random_state': 42}",0.37468467532501337,0.49025023976741067,0.5670807236297686,0.38487592843244733,0.5220925637866243,0.4677968261882529,0.07596739184267517,33,0.7341641618442102,0.6497156778606259,0.6836570516723818,0.6927835943489893,0.6620305437755613,0.6844702059003536,0.029157086823567942,0.3333333333333333,0.46153846153846156,0.5714285714285715,0.39999999999999997,0.5333333333333333,0.4599267399267399,0.0865342577035802,33,0.7169811320754716,0.6274509803921569,0.6666666666666667,0.6896551724137931,0.6415094339622641,0.6684526771020705,0.032294965758789346,0.1992845117845118,0.35416666666666663,0.3472222222222222,0.42018728222996515,0.5585298847493969,0.37587811353055256,0.11644983397965966,42,0.8691653133910502,0.8013421763421764,0.8116067995825782,0.8206999992831026,0.8019943927615649,0.8209617362720945,0.025123118617995852
41,0.005600404739379883,0.0004883914456223582,0.00800166130065918,1.4431711149617725e-06,,,2,10,42,"{'class_weight': None, 'max_depth': None, 'min_samples_leaf': 2, 'min_samples_split': 10, 'random_state': 42}",0.37468467532501337,0.5712405705774793,0.5670807236297686,0.6069578958411725,0.5670440593180477,0.5374015849382963,0.08272784001824968,27,0.6916775463060779,0.5974328636104718,0.6592429102003097,0.6133877541397407,0.6367050283590628,0.6396892205231326,0.03338084790422187,0.3333333333333333,0.5,0.5714285714285715,0.5454545454545454,0.5714285714285715,0.5043290043290043,0.0893915809464264,26,0.6666666666666666,0.5333333333333333,0.627450980392157,0.5714285714285713,0.6,0.5997759103641457,0.04573515204559232,0.1992845117845118,0.3784722222222222,0.3472222222222222,0.42465156794425085,0.6109727106503705,0.3921206469647155,0.13292284203461302,33,0.8250954927425517,0.7183793806842463,0.7764572941780851,0.7509682053899684,0.739576091063775,0.7620952928117253,0.03665323933724054
42,0.005999851226806641,0.0006336945959773266,0.008199357986450195,0.0004020224968134549,,,5,2,42,"{'class_weight': None, 'max_depth': None, 'min_samples_leaf': 5, 'min_samples_split': 2, 'random_state': 42}",0.46559984620188266,0.5712405705774793,0.6069769786668839,0.6069578958411725,0.7020917761879943,0.5905734134950824,0.07611310631825162,1,0.6221012305884396,0.5974328636104718,0.5883179927394697,0.5883230838792161,0.5630293633403929,0.591840906831598,0.01898340440941028,0.3636363636363636,0.5,0.5454545454545454,0.5454545454545454,0.6666666666666666,0.5242424242424242,0.09753622387533989,5,0.5652173913043478,0.5333333333333333,0.5217391304347826,0.5217391304347826,0.48888888888888893,0.5261835748792271,0.024515944389802806,0.24652777777777776,0.3740862573099415,0.4222222222222222,0.40816805146073437,0.5879764204827609,0.40779614585068735,0.1093773509334346,18,0.7355995054220918,0.6709069075075946,0.6759687451440475,0.6466308170669834,0.6480306880238604,0.6754273326329157,0.032314805255687896
43,0.008399248123168945,0.0043177366729999075,0.012200498580932617,0.007909078794782535,,,5,5,42,"{'class_weight': None, 'max_depth': None, 'min_samples_leaf': 5, 'min_samples_split': 5, 'random_state': 42}",0.46559984620188266,0.5712405705774793,0.6069769786668839,0.6069578958411725,0.7020917761879943,0.5905734134950824,0.07611310631825162,1,0.6221012305884396,0.5974328636104718,0.5883179927394697,0.5883230838792161,0.5630293633403929,0.591840906831598,0.01898340440941028,0.3636363636363636,0.5,0.5454545454545454,0.5454545454545454,0.6666666666666666,0.5242424242424242,0.09753622387533989,5,0.5652173913043478,0.5333333333333333,0.5217391304347826,0.5217391304347826,0.48888888888888893,0.5261835748792271,0.024515944389802806,0.24652777777777776,0.3740862573099415,0.4222222222222222,0.40816805146073437,0.5879764204827609,0.40779614585068735,0.1093773509334346,18,0.7355995054220918,0.6709069075075946,0.6759687451440475,0.6466308170669834,0.6480306880238604,0.6754273326329157,0.032314805255687896
44,0.006202507019042969,0.0007469800329131289,0.008199501037597656,0.00039956701620355123,,,5,10,42,"{'class_weight': None, 'max_depth': None, 'min_samples_leaf': 5, 'min_samples_split': 10, 'random_state': 42}",0.46559984620188266,0.5712405705774793,0.6069769786668839,0.6069578958411725,0.7020917761879943,0.5905734134950824,0.07611310631825162,1,0.6221012305884396,0.5974328636104718,0.5883179927394697,0.5883230838792161,0.5630293633403929,0.591840906831598,0.01898340440941028,0.3636363636363636,0.5,0.5454545454545454,0.5454545454545454,0.6666666666666666,0.5242424242424242,0.09753622387533989,5,0.5652173913043478,0.5333333333333333,0.5217391304347826,0.5217391304347826,0.48888888888888893,0.5261835748792271,0.024515944389802806,0.24652777777777776,0.3740862573099415,0.4222222222222222,0.40816805146073437,0.5879764204827609,0.40779614585068735,0.1093773509334346,18,0.7355995054220918,0.6709069075075946,0.6759687451440475,0.6466308170669834,0.6480306880238604,0.6754273326329157,0.032314805255687896
45,0.004800605773925781,0.0004006868456847983,0.009599876403808594,0.0004901378833570489,,3,1,2,42,"{'class_weight': None, 'max_depth': 3, 'min_samples_leaf': 1, 'min_samples_split': 2, 'random_state': 42}",0.46559984620188266,0.5712405705774793,0.6069769786668839,0.6069578958411725,0.7020917761879943,0.5905734134950824,0.07611310631825162,1,0.6688324185960173,0.6458690426981575,0.5883179927394697,0.6360202065503572,0.5630293633403929,0.6204138047848788,0.03888188870780116,0.3636363636363636,0.5,0.5454545454545454,0.5454545454545454,0.6666666666666666,0.5242424242424242,0.09753622387533989,5,0.625,0.5957446808510638,0.5217391304347826,0.5833333333333334,0.48888888888888893,0.5629412067016137,0.050049090766214985,0.24652777777777776,0.3543123543123543,0.4388888888888889,0.3925438596491228,0.6146196283391405,0.4093785017934569,0.12069037000459712,11,0.4948980017869519,0.4638453117272116,0.42769699184021437,0.4683512183395324,0.4084291853224229,0.4526441418032666,0.03077300704313443
46,0.004201412200927734,0.00039994950798361175,0.008598852157592773,0.0004901162652628219,,3,1,5,42,"{'class_weight': None, 'max_depth': 3, 'min_samples_leaf': 1, 'min_samples_split': 5, 'random_state': 42}",0.46559984620188266,0.5712405705774793,0.6069769786668839,0.6069578958411725,0.7020917761879943,0.5905734134950824,0.07611310631825162,1,0.6688324185960173,0.5974328636104718,0.5883179927394697,0.5883230838792161,0.5630293633403929,0.6011871444331135,0.035713003565194607,0.3636363636363636,0.5,0.5454545454545454,0.5454545454545454,0.6666666666666666,0.5242424242424242,0.09753622387533989,5,0.625,0.5333333333333333,0.5217391304347826,0.5217391304347826,0.48888888888888893,0.5381400966183575,0.045894253747211816,0.24652777777777776,0.35416666666666663,0.4388888888888889,0.39242160278745647,0.6146196283391405,0.4093249128919861,0.12070709182795368,13,0.4948980017869519,0.4539638622247318,0.42769699184021437,0.4576973986814534,0.4084291853224229,0.4485370879711549,0.029345013077425132
47,0.0036002159118652343,0.0008007176521125266,0.007799625396728516,0.00039959076196123636,,3,1,10,42,"{'class_weight': None, 'max_depth': 3, 'min_samples_leaf': 1, 'min_samples_split': 10, 'random_state': 42}",0.46559984620188266,0.5712405705774793,0.6069769786668839,0.6069578958411725,0.7020917761879943,0.5905734134950824,0.07611310631825162,1,0.6221012305884396,0.5974328636104718,0.5883179927394697,0.5883230838792161,0.5630293633403929,0.591840906831598,0.01898340440941028,0.3636363636363636,0.5,0.5454545454545454,0.5454545454545454,0.6666666666666666,0.5242424242424242,0.09753622387533989,5,0.5652173913043478,0.5333333333333333,0.5217391304347826,0.5217391304347826,0.48888888888888893,0.5261835748792271,0.024515944389802806,0.24652777777777776,0.35416666666666663,0.4388888888888889,0.39242160278745647,0.6146196283391405,0.4093249128919861,0.12070709182795368,13,0.47764926149365505,0.4539638622247318,0.42769699184021437,0.4576973986814534,0.4084291853224229,0.4450873399124955,0.024266559177594745
48,0.00399937629699707,1.7623633015228584e-06,0.007601022720336914,0.0004899848336357884,,3,2,2,42,"{'class_weight': None, 'max_depth': 3, 'min_samples_leaf': 2, 'min_samples_split': 2, 'random_state': 42}",0.46559984620188266,0.5712405705774793,0.6069769786668839,0.6069578958411725,0.7020917761879943,0.5905734134950824,0.07611310631825162,1,0.6688324185960173,0.6458690426981575,0.5883179927394697,0.6360202065503572,0.5630293633403929,0.6204138047848788,0.03888188870780116,0.3636363636363636,0.5,0.5454545454545454,0.5454545454545454,0.6666666666666666,0.5242424242424242,0.09753622387533989,5,0.625,0.5957446808510638,0.5217391304347826,0.5833333333333334,0.48888888888888893,0.5629412067016137,0.050049090766214985,0.24652777777777776,0.3543123543123543,0.4388888888888889,0.3925438596491228,0.6146196283391405,0.4093785017934569,0.12069037000459712,11,0.4948980017869519,0.4638453117272116,0.42769699184021437,0.4683512183395324,0.4084291853224229,0.4526441418032666,0.03077300704313443
49,0.004199171066284179,0.0003986921168066796,0.010200595855712891,0.003970300731908232,,3,2,5,42,"{'class_weight': None, 'max_depth': 3, 'min_samples_leaf': 2, 'min_samples_split': 5, 'random_state': 42}",0.46559984620188266,0.5712405705774793,0.6069769786668839,0.6069578958411725,0.7020917761879943,0.5905734134950824,0.07611310631825162,1,0.6688324185960173,0.5974328636104718,0.5883179927394697,0.5883230838792161,0.5630293633403929,0.6011871444331135,0.035713003565194607,0.3636363636363636,0.5,0.5454545454545454,0.5454545454545454,0.6666666666666666,0.5242424242424242,0.09753622387533989,5,0.625,0.5333333333333333,0.5217391304347826,0.5217391304347826,0.48888888888888893,0.5381400966183575,0.045894253747211816,0.24652777777777776,0.35416666666666663,0.4388888888888889,0.39242160278745647,0.6146196283391405,0.4093249128919861,0.12070709182795368,13,0.4948980017869519,0.4539638622247318,0.42769699184021437,0.4576973986814534,0.4084291853224229,0.4485370879711549,0.029345013077425132
50,0.0041997432708740234,0.000400426257179099,0.00919966697692871,0.0007490804642878008,,3,2,10,42,"{'class_weight': None, 'max_depth': 3, 'min_samples_leaf': 2, 'min_samples_split': 10, 'random_state': 42}",0.46559984620188266,0.5712405705774793,0.6069769786668839,0.6069578958411725,0.7020917761879943,0.5905734134950824,0.07611310631825162,1,0.6221012305884396,0.5974328636104718,0.5883179927394697,0.5883230838792161,0.5630293633403929,0.591840906831598,0.01898340440941028,0.3636363636363636,0.5,0.5454545454545454,0.5454545454545454,0.6666666666666666,0.5242424242424242,0.09753622387533989,5,0.5652173913043478,0.5333333333333333,0.5217391304347826,0.5217391304347826,0.48888888888888893,0.5261835748792271,0.024515944389802806,0.24652777777777776,0.35416666666666663,0.4388888888888889,0.39242160278745647,0.6146196283391405,0.4093249128919861,0.12070709182795368,13,0.47764926149365505,0.4539638622247318,0.42769699184021437,0.4576973986814534,0.4084291853224229,0.4450873399124955,0.024266559177594745
51,0.005998849868774414,0.003999949128293627,0.008200836181640626,0.0003992667578794707,,3,5,2,42,"{'class_weight': None, 'max_depth': 3, 'min_samples_leaf': 5, 'min_samples_split': 2, 'random_state': 42}",0.46559984620188266,0.5712405705774793,0.6069769786668839,0.6069578958411725,0.7020917761879943,0.5905734134950824,0.07611310631825162,1,0.6221012305884396,0.5974328636104718,0.5883179927394697,0.5883230838792161,0.5630293633403929,0.591840906831598,0.01898340440941028,0.3636363636363636,0.5,0.5454545454545454,0.5454545454545454,0.6666666666666666,0.5242424242424242,0.09753622387533989,5,0.5652173913043478,0.5333333333333333,0.5217391304347826,0.5217391304347826,0.48888888888888893,0.5261835748792271,0.024515944389802806,0.2623753561253561,0.35416666666666663,0.4840667462618682,0.39242160278745647,0.6146196283391405,0.42153000003609764,0.11992478254147006,5,0.4788024816750083,0.4498605680144857,0.44786919713144385,0.45322175321964886,0.4084291853224229,0.44763663707260193,0.022559821000687034
52,0.004399633407592774,0.0004891234544173793,0.008799171447753907,0.00040190297315257826,,3,5,5,42,"{'class_weight': None, 'max_depth': 3, 'min_samples_leaf': 5, 'min_samples_split': 5, 'random_state': 42}",0.46559984620188266,0.5712405705774793,0.6069769786668839,0.6069578958411725,0.7020917761879943,0.5905734134950824,0.07611310631825162,1,0.6221012305884396,0.5974328636104718,0.5883179927394697,0.5883230838792161,0.5630293633403929,0.591840906831598,0.01898340440941028,0.3636363636363636,0.5,0.5454545454545454,0.5454545454545454,0.6666666666666666,0.5242424242424242,0.09753622387533989,5,0.5652173913043478,0.5333333333333333,0.5217391304347826,0.5217391304347826,0.48888888888888893,0.5261835748792271,0.024515944389802806,0.2623753561253561,0.35416666666666663,0.4840667462618682,0.39242160278745647,0.6146196283391405,0.42153000003609764,0.11992478254147006,5,0.4788024816750083,0.4498605680144857,0.44786919713144385,0.45322175321964886,0.4084291853224229,0.44763663707260193,0.022559821000687034
53,0.007000637054443359,0.0059982780839989746,0.011399030685424805,0.006312140587250467,,3,5,10,42,"{'class_weight': None, 'max_depth': 3, 'min_samples_leaf': 5, 'min_samples_split': 10, 'random_state': 42}",0.46559984620188266,0.5712405705774793,0.6069769786668839,0.6069578958411725,0.7020917761879943,0.5905734134950824,0.07611310631825162,1,0.6221012305884396,0.5974328636104718,0.5883179927394697,0.5883230838792161,0.5630293633403929,0.591840906831598,0.01898340440941028,0.3636363636363636,0.5,0.5454545454545454,0.5454545454545454,0.6666666666666666,0.5242424242424242,0.09753622387533989,5,0.5652173913043478,0.5333333333333333,0.5217391304347826,0.5217391304347826,0.48888888888888893,0.5261835748792271,0.024515944389802806,0.2623753561253561,0.35416666666666663,0.4840667462618682,0.39242160278745647,0.6146196283391405,0.42153000003609764,0.11992478254147006,5,0.4788024816750083,0.4498605680144857,0.44786919713144385,0.45322175321964886,0.4084291853224229,0.44763663707260193,0.022559821000687034
54,0.00499882698059082,1.4431711149617725e-06,0.009543895721435547,0.0018766491244982199,,5,1,2,42,"{'class_weight': None, 'max_depth': 5, 'min_samples_leaf': 1, 'min_samples_split': 2, 'random_state': 42}",0.46559984620188266,0.5712405705774793,0.5670807236297686,0.4627927061806105,0.786353014764862,0.5706133722709206,0.1176516918885248,21,0.6688324185960173,0.6458690426981575,0.636015194203459,0.6586331594854752,0.5883230838792161,0.639534579772465,0.02792220590766283,0.3636363636363636,0.5,0.5714285714285715,0.4615384615384615,0.7692307692307693,0.5331668331668331,0.13576552218326862,1,0.625,0.5957446808510638,0.5833333333333334,0.6122448979591837,0.5217391304347826,0.5876124085156728,0.03585617000199263,0.2552992816150711,0.3857320166207976,0.3577117327117327,0.2596767594108019,0.6354529616724739,0.3787745504061754,0.138424189546886,38,0.575280532802768,0.5050783424799173,0.5362686094241373,0.5261944607145845,0.4567593526759718,0.5199162596194759,0.03893835275907207
55,0.004799795150756836,0.000400404633663673,0.008400726318359374,0.0004909145280882798,,5,1,5,42,"{'class_weight': None, 'max_depth': 5, 'min_samples_leaf': 1, 'min_samples_split': 5, 'random_state': 42}",0.46559984620188266,0.5712405705774793,0.5670807236297686,0.41909710929597527,0.786353014764862,0.5618742528939935,0.12661723728898494,22,0.6688324185960173,0.5974328636104718,0.636015194203459,0.6133877541397407,0.5883230838792161,0.620798262885781,0.028963183140671367,0.3636363636363636,0.5,0.5714285714285715,0.42857142857142855,0.7692307692307693,0.5265734265734265,0.13982388569646634,4,0.625,0.5333333333333333,0.5833333333333334,0.5714285714285713,0.5217391304347826,0.5669668737060041,0.03696586342603953,0.2546492467043314,0.38316164122615737,0.3577117327117327,0.40871152842983827,0.6354529616724739,0.40793742214890677,0.1252179251514195,17,0.5744718370830234,0.49282269866481543,0.5362686094241373,0.5113482170451368,0.4567593526759718,0.514334142978617,0.03970938815691927
56,0.004999732971191407,1.3621193749509525e-06,0.007999992370605469,1.3869323322533594e-06,,5,1,10,42,"{'class_weight': None, 'max_depth': 5, 'min_samples_leaf': 1, 'min_samples_split': 10, 'random_state': 42}",0.46559984620188266,0.5712405705774793,0.5670807236297686,0.6069578958411725,0.7020917761879943,0.5825941624876595,0.07606643420146939,19,0.6221012305884396,0.5974328636104718,0.636015194203459,0.5883230838792161,0.5630293633403929,0.6013803471243959,0.025635133510352747,0.3636363636363636,0.5,0.5714285714285715,0.5454545454545454,0.6666666666666666,0.5294372294372294,0.09920506361491561,2,0.5652173913043478,0.5333333333333333,0.5833333333333334,0.5217391304347826,0.48888888888888893,0.5385024154589372,0.033144321641635374,0.2546492467043314,0.3808922558922559,0.3577117327117327,0.40738278623387736,0.6146196283391405,0.4030511299762676,0.11777078444936574,27,0.5528732534870642,0.48769218049094504,0.5362686094241373,0.4894989687103142,0.43619782713147015,0.5005061678487861,0.04109059083627892
57,0.005400180816650391,0.0007994176166078117,0.00820155143737793,0.0004009249378225311,,5,2,2,42,"{'class_weight': None, 'max_depth': 5, 'min_samples_leaf': 2, 'min_samples_split': 2, 'random_state': 42}",0.46559984620188266,0.5712405705774793,0.5670807236297686,0.41909710929597527,0.7020917761879943,0.54502200517862,0.09798966469561947,24,0.6688324185960173,0.6458690426981575,0.636015194203459,0.6592484639230882,0.5630293633403929,0.6345988965522229,0.03749868099131127,0.3636363636363636,0.5,0.5714285714285715,0.42857142857142855,0.6666666666666666,0.5060606060606061,0.10620098493294272,24,0.625,0.5957446808510638,0.5833333333333334,0.627450980392157,0.48888888888888893,0.5840835766930886,0.0505043724864479,0.2552992816150711,0.3857320166207976,0.3577117327117327,0.40967675941080195,0.6146196283391405,0.4046078837395088,0.11745572134162631,21,0.575280532802768,0.5050783424799173,0.5362686094241373,0.5258302283343259,0.44657672245025004,0.5178068870982797,0.04229463642184246
58,0.0053997993469238285,0.0007994902068876647,0.008200931549072265,0.00039980679889942795,,5,2,5,42,"{'class_weight': None, 'max_depth': 5, 'min_samples_leaf': 2, 'min_samples_split': 5, 'random_state': 42}",0.46559984620188266,0.5712405705774793,0.5670807236297686,0.41909710929597527,0.7020917761879943,0.54502200517862,0.09798966469561947,24,0.6688324185960173,0.5974328636104718,0.636015194203459,0.6133877541397407,0.5630293633403929,0.6157395187780164,0.035634208091770016,0.3636363636363636,0.5,0.5714285714285715,0.42857142857142855,0.6666666666666666,0.5060606060606061,0.10620098493294272,24,0.625,0.5333333333333333,0.5833333333333334,0.5714285714285713,0.48888888888888893,0.5603968253968253,0.04618911250918872,0.2546492467043314,0.38316164122615737,0.3577117327117327,0.40871152842983827,0.6146196283391405,0.40377075548224006,0.11769881220432037,25,0.5744718370830234,0.49282269866481543,0.5362686094241373,0.5113482170451368,0.44657672245025004,0.5122976169334726,0.04275430248661773
59,0.004598855972290039,0.0004885216350338977,0.008401203155517577,0.0008003483420449708,,5,2,10,42,"{'class_weight': None, 'max_depth': 5, 'min_samples_leaf': 2, 'min_samples_split': 10, 'random_state': 42}",0.46559984620188266,0.5712405705774793,0.5670807236297686,0.6069578958411725,0.7020917761879943,0.5825941624876595,0.07606643420146939,19,0.6221012305884396,0.5974328636104718,0.636015194203459,0.5883230838792161,0.5630293633403929,0.6013803471243959,0.025635133510352747,0.3636363636363636,0.5,0.5714285714285715,0.5454545454545454,0.6666666666666666,0.5294372294372294,0.09920506361491561,2,0.5652173913043478,0.5333333333333333,0.5833333333333334,0.5217391304347826,0.48888888888888893,0.5385024154589372,0.033144321641635374,0.2546492467043314,0.3808922558922559,0.3577117327117327,0.40738278623387736,0.6146196283391405,0.4030511299762676,0.11777078444936574,27,0.5528732534870642,0.48769218049094504,0.5362686094241373,0.4894989687103142,0.43619782713147015,0.5005061678487861,0.04109059083627892
60,0.010400533676147461,0.010800957726456,0.009599065780639649,0.002245830661272338,,5,5,2,42,"{'class_weight': None, 'max_depth': 5, 'min_samples_leaf': 5, 'min_samples_split': 2, 'random_state': 42}",0.46559984620188266,0.5712405705774793,0.6069769786668839,0.6069578958411725,0.7020917761879943,0.5905734134950824,0.07611310631825162,1,0.6221012305884396,0.5974328636104718,0.5883179927394697,0.5883230838792161,0.5630293633403929,0.591840906831598,0.01898340440941028,0.3636363636363636,0.5,0.5454545454545454,0.5454545454545454,0.6666666666666666,0.5242424242424242,0.09753622387533989,5,0.5652173913043478,0.5333333333333333,0.5217391304347826,0.5217391304347826,0.48888888888888893,0.5261835748792271,0.024515944389802806,0.26114444169553025,0.3808922558922559,0.48212071616326935,0.4246013133208255,0.6146196283391405,0.4326756710822043,0.11637705621150544,1,0.5633298158699975,0.4808850805465902,0.5390216722072956,0.49395193658726194,0.43619782713147015,0.5026772664685231,0.04465466197557571
61,0.0050013065338134766,9.655216565759937e-07,0.008199548721313477,0.00040013958826000965,,5,5,5,42,"{'class_weight': None, 'max_depth': 5, 'min_samples_leaf': 5, 'min_samples_split': 5, 'random_state': 42}",0.46559984620188266,0.5712405705774793,0.6069769786668839,0.6069578958411725,0.7020917761879943,0.5905734134950824,0.07611310631825162,1,0.6221012305884396,0.5974328636104718,0.5883179927394697,0.5883230838792161,0.5630293633403929,0.591840906831598,0.01898340440941028,0.3636363636363636,0.5,0.5454545454545454,0.5454545454545454,0.6666666666666666,0.5242424242424242,0.09753622387533989,5,0.5652173913043478,0.5333333333333333,0.5217391304347826,0.5217391304347826,0.48888888888888893,0.5261835748792271,0.024515944389802806,0.26114444169553025,0.3808922558922559,0.48212071616326935,0.4246013133208255,0.6146196283391405,0.4326756710822043,0.11637705621150544,1,0.5633298158699975,0.4808850805465902,0.5390216722072956,0.49395193658726194,0.43619782713147015,0.5026772664685231,0.04465466197557571
62,0.004400730133056641,0.0007988822791030314,0.007088613510131836,0.0012060402859997614,,5,5,10,42,"{'class_weight': None, 'max_depth': 5, 'min_samples_leaf': 5, 'min_samples_split': 10, 'random_state': 42}",0.46559984620188266,0.5712405705774793,0.6069769786668839,0.6069578958411725,0.7020917761879943,0.5905734134950824,0.07611310631825162,1,0.6221012305884396,0.5974328636104718,0.5883179927394697,0.5883230838792161,0.5630293633403929,0.591840906831598,0.01898340440941028,0.3636363636363636,0.5,0.5454545454545454,0.5454545454545454,0.6666666666666666,0.5242424242424242,0.09753622387533989,5,0.5652173913043478,0.5333333333333333,0.5217391304347826,0.5217391304347826,0.48888888888888893,0.5261835748792271,0.024515944389802806,0.26114444169553025,0.3808922558922559,0.48212071616326935,0.4246013133208255,0.6146196283391405,0.4326756710822043,0.11637705621150544,1,0.5633298158699975,0.4808850805465902,0.5390216722072956,0.49395193658726194,0.43619782713147015,0.5026772664685231,0.04465466197557571
63,0.00579981803894043,0.0003988990473883358,0.00839991569519043,0.0004905055696689345,,10,1,2,42,"{'class_weight': None, 'max_depth': 10, 'min_samples_leaf': 1, 'min_samples_split': 2, 'random_state': 42}",0.37468467532501337,0.5712405705774793,0.4553825555391872,0.38487592843244733,0.7149910093401202,0.5002349478428495,0.12825309025029077,31,0.7545725328971595,0.7126546486286616,0.7430258993183871,0.7229331098494342,0.6805329984350919,0.7227438378257469,0.025721626593034185,0.3333333333333333,0.5,0.47058823529411764,0.39999999999999997,0.7142857142857143,0.483641456582633,0.12901409792277846,29,0.7407407407407407,0.6799999999999999,0.7272727272727274,0.7037037037037037,0.6399999999999999,0.6983434343434343,0.035787165244677024,0.17564814814814814,0.3553325223033252,0.24507983265027322,0.17813588850174214,0.5312862950058073,0.29709653732185914,0.1340472732406827,57,0.7977239931785387,0.7065209630684706,0.789472914568754,0.7770168738122101,0.7868275159365294,0.7715124521129006,0.03316132260040807
64,0.006201362609863282,0.000399903956692829,0.007998943328857422,1.1384331117928812e-06,,10,1,5,42,"{'class_weight': None, 'max_depth': 10, 'min_samples_leaf': 1, 'min_samples_split': 5, 'random_state': 42}",0.37468467532501337,0.5712405705774793,0.4857142857142857,0.3338768099859727,0.6593091991408011,0.48496510814871047,0.12068912664666638,32,0.7545725328971595,0.6221012305884396,0.702297870967464,0.687685900399115,0.6592484639230882,0.6851811997550532,0.04419502318528711,0.3333333333333333,0.5,0.5,0.35294117647058826,0.6666666666666666,0.47058823529411764,0.12071171742448143,32,0.7407407407407407,0.5652173913043478,0.679245283018868,0.6785714285714287,0.627450980392157,0.6582451648055084,0.05875734924042993,0.1753917378917379,0.3550469483568075,0.3012079831932773,0.24242160278745642,0.6354529616724739,0.34190424678035064,0.1585073982889699,54,0.7983701342900422,0.6470749355040205,0.7618050961216416,0.7449894643171954,0.7750789879140274,0.7454637236293854,0.05219917848634606
65,0.0061992168426513675,0.0004005041160121691,0.0080169677734375,0.0008765248294554692,,10,1,10,42,"{'class_weight': None, 'max_depth': 10, 'min_samples_leaf': 1, 'min_samples_split': 10, 'random_state': 42}",0.46559984620188266,0.5712405705774793,0.4857142857142857,0.6069578958411725,0.5670440593180477,0.5393113315305735,0.054167637107910976,26,0.6694953013263834,0.5974328636104718,0.702297870967464,0.6133877541397407,0.6367050283590628,0.6438637636806245,0.037966784817154445,0.3636363636363636,0.5,0.5,0.5454545454545454,0.5714285714285715,0.49610389610389605,0.07167607650154095,27,0.64,0.5333333333333333,0.679245283018868,0.5714285714285713,0.6,0.6048014375561546,0.05103982140009687,0.24880268199233715,0.3931630494130494,0.2720880018674136,0.46036585365853655,0.6431761504667125,0.4035191474796099,0.14281849080642628,26,0.7286089900399775,0.6101601369982584,0.7381845232640551,0.6755505389484737,0.7048199545600369,0.6914648287621603,0.04605322025560663
66,0.006200981140136719,0.0003996163498070754,0.008400869369506837,0.0004898270895565821,,10,2,2,42,"{'class_weight': None, 'max_depth': 10, 'min_samples_leaf': 2, 'min_samples_split': 2, 'random_state': 42}",0.46559984620188266,0.5712405705774793,0.5670807236297686,0.38487592843244733,0.5670440593180477,0.511168225631925,0.0746769367148081,29,0.6916775463060779,0.6458690426981575,0.6836570516723818,0.7084532761629317,0.6367050283590628,0.6732723890397223,0.027467803365521,0.3636363636363636,0.5,0.5714285714285715,0.39999999999999997,0.5714285714285715,0.4812987012987013,0.08608185649646641,30,0.6666666666666666,0.5957446808510638,0.6666666666666667,0.7017543859649124,0.6,0.6461664800298619,0.04148308643605575,0.24934486373165618,0.3551587301587301,0.3568262004255254,0.4343918276845106,0.5729529616724739,0.3937349167345793,0.10721096488312727,32,0.7579022438177367,0.6654108958780922,0.7457912051851501,0.756234973613608,0.7548581455915292,0.7360394928172231,0.03556254664065694
67,0.006417131423950196,0.0013401512157193288,0.008219766616821288,0.00039209601908215923,,10,2,5,42,"{'class_weight': None, 'max_depth': 10, 'min_samples_leaf': 2, 'min_samples_split': 5, 'random_state': 42}",0.46559984620188266,0.5712405705774793,0.5670807236297686,0.38487592843244733,0.5670440593180477,0.511168225631925,0.0746769367148081,29,0.6916775463060779,0.5974328636104718,0.6836570516723818,0.666349278301767,0.6367050283590628,0.6551643536499523,0.034478460668600004,0.3636363636363636,0.5,0.5714285714285715,0.39999999999999997,0.5714285714285715,0.4812987012987013,0.08608185649646641,30,0.6666666666666666,0.5333333333333333,0.6666666666666667,0.6545454545454545,0.6,0.6242424242424243,0.051710858200488596,0.24880268199233715,0.3550469483568075,0.35639675980585067,0.4273988206915036,0.5729529616724739,0.3921196345037946,0.10689767996076528,34,0.7591942833543048,0.6357276968840546,0.7422454220527341,0.7292313294580327,0.7548581455915292,0.7242513754681311,0.04548144349779465
68,0.005957746505737304,0.0006390720350614574,0.010001420974731445,0.004605369686717996,,10,2,10,42,"{'class_weight': None, 'max_depth': 10, 'min_samples_leaf': 2, 'min_samples_split': 10, 'random_state': 42}",0.46559984620188266,0.5712405705774793,0.5670807236297686,0.6069578958411725,0.5670440593180477,0.5555846191136702,0.04742375127040546,23,0.6466036383438789,0.5974328636104718,0.6592429102003097,0.6133877541397407,0.6367050283590628,0.6306744389306927,0.022405788333880176,0.3636363636363636,0.5,0.5714285714285715,0.5454545454545454,0.5714285714285715,0.5103896103896104,0.07787877584709069,23,0.6122448979591837,0.5333333333333333,0.627450980392157,0.5714285714285713,0.6,0.588891556622649,0.03330848917089769,0.24870527306967985,0.3931630494130494,0.3881203803742004,0.46036585365853655,0.6431761504667125,0.4267061413964357,0.12828916568050724,4,0.7152697842582307,0.6101601369982584,0.716382668431598,0.6755505389484737,0.7048199545600369,0.6844366166393195,0.03995665831852729
69,0.005616235733032227,0.00047141008467126556,0.0070914745330810545,0.0020187004428570653,,10,5,2,42,"{'class_weight': None, 'max_depth': 10, 'min_samples_leaf': 5, 'min_samples_split': 2, 'random_state': 42}",0.46559984620188266,0.5712405705774793,0.6069769786668839,0.6069578958411725,0.7020917761879943,0.5905734134950824,0.07611310631825162,1,0.6221012305884396,0.5974328636104718,0.5883179927394697,0.5883230838792161,0.5630293633403929,0.591840906831598,0.01898340440941028,0.3636363636363636,0.5,0.5454545454545454,0.5454545454545454,0.6666666666666666,0.5242424242424242,0.09753622387533989,5,0.5652173913043478,0.5333333333333333,0.5217391304347826,0.5217391304347826,0.48888888888888893,0.5261835748792271,0.024515944389802806,0.2509920634920635,0.3869470431970432,0.43399390243902436,0.40893728222996517,0.6051708284939992,0.417208223970419,0.11333460128679022,8,0.6740673984278243,0.5822630238642992,0.663798651200618,0.5916657366760942,0.6298023500788487,0.6283194320495369,0.036928407993455044
70,0.004799365997314453,0.0011661386953043067,0.007132768630981445,0.0019253158402583231,,10,5,5,42,"{'class_weight': None, 'max_depth': 10, 'min_samples_leaf': 5, 'min_samples_split': 5, 'random_state': 42}",0.46559984620188266,0.5712405705774793,0.6069769786668839,0.6069578958411725,0.7020917761879943,0.5905734134950824,0.07611310631825162,1,0.6221012305884396,0.5974328636104718,0.5883179927394697,0.5883230838792161,0.5630293633403929,0.591840906831598,0.01898340440941028,0.3636363636363636,0.5,0.5454545454545454,0.5454545454545454,0.6666666666666666,0.5242424242424242,0.09753622387533989,5,0.5652173913043478,0.5333333333333333,0.5217391304347826,0.5217391304347826,0.48888888888888893,0.5261835748792271,0.024515944389802806,0.2509920634920635,0.3869470431970432,0.43399390243902436,0.40893728222996517,0.6051708284939992,0.417208223970419,0.11333460128679022,8,0.6740673984278243,0.5822630238642992,0.663798651200618,0.5916657366760942,0.6298023500788487,0.6283194320495369,0.036928407993455044
71,0.005800771713256836,0.0004010461420014565,0.008578252792358399,0.0006035459297288973,,10,5,10,42,"{'class_weight': None, 'max_depth': 10, 'min_samples_leaf': 5, 'min_samples_split': 10, 'random_state': 42}",0.46559984620188266,0.5712405705774793,0.6069769786668839,0.6069578958411725,0.7020917761879943,0.5905734134950824,0.07611310631825162,1,0.6221012305884396,0.5974328636104718,0.5883179927394697,0.5883230838792161,0.5630293633403929,0.591840906831598,0.01898340440941028,0.3636363636363636,0.5,0.5454545454545454,0.5454545454545454,0.6666666666666666,0.5242424242424242,0.09753622387533989,5,0.5652173913043478,0.5333333333333333,0.5217391304347826,0.5217391304347826,0.48888888888888893,0.5261835748792271,0.024515944389802806,0.2509920634920635,0.3869470431970432,0.43399390243902436,0.40893728222996517,0.6051708284939992,0.417208223970419,0.11333460128679022,8,0.6740673984278243,0.5822630238642992,0.663798651200618,0.5916657366760942,0.6298023500788487,0.6283194320495369,0.036928407993455044
